Lp,[LABELS],[wegiel],[mangan],[krzem],[fosfor],[siarka],[chrom],[nikiel],[miedz],[magnez],[wytrzym],[wydluz],[tward]
1,"[20,1]",4,0.23,2.4,0.06,0.02,0.03,0.02,0.26,0.04,510,11.4,174
2,"[21,1]",3.9,0.21,2.7,0.06,0.02,0.03,0.02,0.23,0.042,529,17.1,163
3,"[22,1]",3.66,0.26,2.72,0.06,0.01,0.03,0.02,0.25,0.052,504,15.7,170
4,"[23,1]",3.83,0.16,2.85,0.06,0.01,0.03,0.02,0.05,0.047,504,20,163
5,"[24,1]",3.78,0.2,2.68,0.06,0.01,0.02,0.01,0.22,0.035,452,10.7,179
6,"[25,1]",3.72,0.21,2.64,0.07,0.01,0.02,0.01,0.22,0.038,497,13.6,170
7,"[26,1]",3.52,0.23,2.54,0.06,0.02,0.03,0.01,0.19,0.025,471,7.1,187
8,"[27,1]",3.82,0.23,2.56,0.06,0.02,0.03,0.01,0.23,0.033,491,9.3,197
9,"[29,1]",3.68,0.23,2.6,0.06,0.02,0.03,0.02,0.21,0.041,446,8.6,187
10,"[30,1]",3.75,0.23,2.55,0.06,0.02,0.03,0.02,0.2,0.035,491,16.4,163
11,"[31,1]",3.68,0.27,2.63,0.05,0.02,0.03,0.02,0.17,0.047,468,9.3,192
12,"[32,1]",3.7,0.28,2.54,0.06,0.02,0.03,0.02,0.18,0.033,500,11.4,183
13,"[43,1]",3.6,0.21,2.63,0.07,0.01,0.02,0.02,0.2,0.044,510,13.6,183
14,"[44,1]",3.74,0.22,2.76,0.07,0.01,0.03,0.02,0.32,0.048,529,13.6,179
15,"[45,1]",3.72,0.21,2.4,0.06,0.01,0.03,0.01,0.2,0.044,497,15.7,170
16,"[46,1]",3.89,0.21,2.43,0.07,0.02,0.02,0.02,0.2,0.05,516,15.7,170
17,"[47,1]",3.71,0.26,2.49,0.07,0.01,0.03,0.01,0.22,0.032,529,9.3,197
18,"[48,1]",3.71,0.21,2.64,0.07,0.01,0.03,0.01,0.2,0.04,471,7.9,179
19,"[49,1]",3.78,0.29,2.7,0.06,0.02,0.04,0.01,0.19,0.04,446,6.4,179
20,"[50,1]",3.71,0.31,2.78,0.07,0.02,0.04,0.01,0.14,0.04,414,7.1,174
21,"[51,1]",3.75,0.3,2.46,0.06,0.01,0.03,0.01,0.14,0.037,427,7.1,174
22,"[52,1]",3.78,0.29,2.62,0.06,0.01,0.03,0.01,0.14,0.048,504,18.6,174
23,"[53,1]",3.72,0.25,2.46,0.07,0.01,0.05,0.02,0.18,0.046,555,12.1,207
24,"[54,1]",3.65,0.23,2.58,0.07,0.01,0.05,0.02,0.2,0.04,516,12.1,187
25,"[55,1]",3.76,0.25,2.6,0.06,0.01,0.05,0.02,0.22,0.03,459,11.4,179
26,"[56,1]",3.65,0.26,2.49,0.07,0.01,0.04,0.02,0.2,0.035,491,10,183
27,"[57,1]",3.72,0.28,2.5,0.06,0.01,0.05,0.02,0.21,0.035,400,6.4,183
28,"[58,1]",3.66,0.28,2.66,0.07,0.01,0.04,0.02,0.22,0.035,497,11.4,183
29,"[59,1]",3.83,0.21,2.35,0.07,0.01,0.03,0.01,0.36,0.04,535,7.1,229
30,"[60,1]",3.9,0.21,2.35,0.07,0.01,0.03,0.01,0.36,0.039,526,8.6,197
31,"[61,1]",3.83,0.19,2.21,0.07,0.01,0.03,0.01,0.33,0.032,573,7.1,229
32,"[62,1]",3.85,0.2,2.35,0.07,0.01,0.03,0.02,0.36,0.039,414,5.7,197
33,"[63,1]",3.9,0.2,2.27,0.07,0.01,0.03,0.01,0.33,0.05,598,7.9,217
34,"[64,1]",3.8,0.22,2.3,0.07,0.01,0.03,0.01,0.26,0.03,555,17.1,183
35,"[65,1]",3.84,0.21,2.51,0.07,0.01,0.03,0.01,0.26,0.039,433,8.6,167
36,"[66,1]",3.75,0.2,2.3,0.07,0.01,0.03,0.01,0.31,0.047,538,10,187
37,"[67,1]",3.86,0.2,2.27,0.07,0.02,0.03,0.01,0.34,0.049,542,11.4,187
38,"[68,1]",3.62,0.22,2.45,0.07,0.01,0.02,0.01,0.28,0.031,394,8.6,163
39,"[68,13]",3.62,0.22,2.45,0.07,0.01,0.02,0.01,0.28,0.031,446,7.1,174
40,"[69,1]",3.68,0.21,2.29,0.07,0.01,0.02,0.01,0.28,0.037,535,11.4,187
41,"[70,1]",3.72,0.18,2.2,0.06,0.01,0.02,0.01,0.32,0.045,581,10,201
42,"[71,1]",3.78,0.19,2.16,0.07,0.01,0.02,0.01,0.34,0.034,520,11.4,183
43,"[72,1]",3.75,0.16,2.16,0.06,0.01,0.02,0.01,0.33,0.037,642,5.7,201
44,"[73,1]",3.7,0.16,2.33,0.07,0.01,0.02,0.01,0.36,0.037,510,17.1,179
45,"[74,1]",3.74,0.17,2.35,0.07,0.01,0.02,0.01,0.37,0.043,523,8.6,187
46,"[104,1]",3.78,0.15,2.55,0.07,0.01,0.03,0.06,0.06,0.04,468,20.7,167
47,"[105,1]",3.88,0.15,2.45,0.07,0.01,0.02,0.01,0.06,0.039,475,17.1,167
48,"[105,2]",3.76,0.15,2.45,0.07,0.01,0.02,0.01,0.06,0.039,475,17.1,167
49,"[106,1]",3.75,0.14,2.44,0.07,0.01,0.02,0.01,0.05,0.04,475,16.4,170
50,"[107,1]",3.8,0.14,2.48,0.07,0.01,0.02,0.01,0.05,0.04,465,19.3,167
51,"[108,1]",3.76,0.14,2.37,0.07,0.01,0.01,0.01,0.05,0.041,465,19.3,163
52,"[109,1]",3.78,0.12,2.49,0.07,0.01,0.02,0.01,0.11,0.03,402,8.6,159
53,"[110,1]",3.76,0.11,2.33,0.07,0.01,0.02,0.01,0.09,0.03,414,13.6,159
54,"[111,1]",3.69,0.11,2.35,0.07,0.01,0.02,0.01,0.09,0.033,455,18.6,167
55,"[112,1]",3.73,0.11,2.32,0.07,0.01,0.02,0.01,0.09,0.031,465,17.9,167
56,"[113,1]",3.68,0.11,2.57,0.07,0.01,0.02,0.01,0.09,0.035,478,20.7,167
57,"[114,1]",3.71,0.12,2.43,0.07,0.01,0.02,0.01,0.11,0.036,459,20.7,163
58,"[115,1]",3.66,0.11,2.52,0.07,0.01,0.02,0.01,0.05,0.043,465,21.4,167
59,"[116,1]",3.7,0.12,2.46,0.07,0.01,0.02,0.01,0.05,0.036,459,17.1,167
60,"[117,1]",3.72,0.11,2.35,0.07,0.01,0.02,0.01,0.05,0.039,452,20.7,163
61,"[118,1]",3.71,0.11,2.4,0.07,0.01,0.02,0.01,0.05,0.035,452,18.6,163
62,"[119,1]",3.74,0.11,2.4,0.07,0.01,0.02,0.01,0.04,0.03,424,12.8,159
63,"[119,2]",3.65,0.11,2.4,0.07,0.01,0.02,0.01,0.04,0.03,424,12.8,159
64,"[120,1]",3.73,0.11,2.44,0.07,0.01,0.02,0.01,0.05,0.031,421,12.8,159
65,"[120,2]",3.63,0.11,2.44,0.07,0.01,0.02,0.01,0.05,0.031,421,12.8,159
66,"[121,1]",3.6,0.12,2.52,0.07,0.01,0.02,0.01,0.05,0.04,465,20,167
67,"[121,2]",3.61,0.12,2.52,0.07,0.01,0.02,0.01,0.05,0.04,465,20,167
68,"[122,1]",3.65,0.11,2.47,0.06,0.01,0.02,0.01,0.04,0.035,459,20,163
69,"[122,2]",3.58,0.11,2.47,0.06,0.01,0.02,0.01,0.04,0.035,459,20,163
70,"[122,3]",3.74,0.12,2.4,0.06,0.01,0.02,0.01,0.04,0.035,459,20,163
71,"[122,4]",3.57,0.12,2.4,0.06,0.01,0.02,0.01,0.04,0.035,459,20,163
72,"[123,1]",3.68,0.12,2.55,0.06,0.01,0.02,0.01,0.05,0.035,465,21.4,167
73,"[123,2]",3.69,0.12,2.55,0.06,0.01,0.02,0.01,0.05,0.035,465,21.4,167
74,"[125,1]",3.75,0.15,2.2,0.07,0.01,0.02,0.01,0.29,0.041,637,8.6,217
75,"[126,1]",3.7,0.15,2.27,0.07,0.01,0.02,0.01,0.31,0.043,592,10.7,201
76,"[127,1]",3.7,0.17,2.42,0.07,0.01,0.03,0.01,0.31,0.039,586,8.6,197
77,"[128,1]",3.73,0.18,2.5,0.07,0.01,0.03,0.01,0.35,0.04,580,10.7,201
78,"[129,1]",3.74,0.18,2.55,0.07,0.01,0.03,0.01,0.41,0.048,599,10.7,197
79,"[130,1]",3.7,0.21,2.31,0.07,0.01,0.03,0.01,0.29,0.027,446,10,170
80,"[131,1]",3.63,0.18,2.6,0.07,0.01,0.03,0.01,0.34,0.03,516,15,183
81,"[132,1]",3.56,0.16,2.36,0.06,0.01,0.02,0.01,0.28,0.04,529,12.8,187
82,"[133,1]",3.64,0.17,2.4,0.07,0.01,0.03,0.01,0.25,0.036,421,8.6,170
83,"[134,1]",3.66,0.15,2.4,0.07,0.01,0.02,0.01,0.23,0.038,510,13.6,179
84,"[135,1]",3.71,0.16,2.44,0.06,0.01,0.02,0.01,0.24,0.034,427,7.1,170
85,"[136,1]",3.73,0.19,2.33,0.06,0.01,0.02,0.01,0.06,0.04,504,15,179
86,"[137,1]",3.64,0.13,2.4,0.06,0.01,0.02,0.01,0.05,0.037,504,19.3,170
87,"[138,1]",3.68,0.14,2.45,0.06,0.01,0.02,0.01,0.05,0.04,504,20.7,159
88,"[140,1]",3.68,0.13,2.45,0.06,0.01,0.02,0.01,0.04,0.06,446,22.8,163
89,"[141,1]",3.47,0.13,2.47,0.06,0.01,0.02,0.01,0.04,0.055,446,23.6,159
90,"[142,1]",3.75,0.14,2.74,0.06,0.01,0.02,0.01,0.14,0.041,475,21.4,167
91,"[143,1]",3.78,0.12,2.44,0.07,0.01,0.02,0.01,0.11,0.048,446,22.1,159
92,"[144,1]",3.7,0.12,2.4,0.06,0.01,0.02,0.01,0.31,0.03,516,17.1,179
93,"[145,1]",3.72,0.13,2.44,0.06,0.01,0.02,0.01,0.3,0.045,568,13.6,187
94,"[146,1]",3.74,0.15,2.5,0.06,0.01,0.02,0.01,0.08,0.03,504,15.7,170
95,"[147,1]",3.7,0.14,2.45,0.05,0.01,0.02,0.01,0.08,0.031,471,20.7,163
96,"[148,1]",3.77,0.15,2.71,0.06,0.01,0.02,0.01,0.08,0.057,465,23.6,167
97,"[149,1]",3.64,0.2,2.5,0.06,0.01,0.02,0.01,0.08,0.05,489,22.1,167
98,"[150,1]",3.66,0.13,2.35,0.06,0.01,0.02,0.01,0.3,0.047,504,17.1,179
99,"[151,1]",3.76,0.13,2.39,0.05,0.01,0.02,0.01,0.29,0.055,459,20.7,163
100,"[152,1]",3.7,0.11,2.03,0.06,0.01,0.02,0.01,0.32,0.046,555,13.6,192
101,"[153,1]",3.84,0.11,2.34,0.06,0.02,0.02,0.01,0.32,0.047,500,18.6,170
102,"[154,1]",3.52,0.11,2.32,0.06,0.01,0.02,0.01,0.28,0.06,471,20,167
103,"[155,1]",3.66,0.15,2.31,0.05,0.01,0.02,0.01,0.27,0.045,491,20,170
104,"[156,1]",3.68,0.14,2.36,0.06,0.01,0.02,0.01,0.27,0.056,500,19.3,170
105,"[157,1]",3.74,0.15,2.34,0.05,0.01,0.02,0.01,0.29,0.065,452,20,163
106,"[158,1]",3.62,0.12,2.21,0.05,0.01,0.02,0.01,0.28,0.05,446,20,159
107,"[160,1]",3.76,0.13,2.5,0.06,0.01,0.02,0.01,0.32,0.04,500,16.4,174
108,"[161,1]",3.76,0.14,2.42,0.06,0.01,0.02,0.01,0.3,0.046,510,12.8,179
109,"[162,1]",3.69,0.15,2.42,0.06,0.01,0.02,0.01,0.27,0.046,516,13.6,174
110,"[163,1]",3.75,0.15,2.43,0.06,0.01,0.02,0.01,0.26,0.042,475,11.4,167
111,"[164,1]",3.72,0.15,2.38,0.06,0.01,0.02,0.01,0.3,0.04,548,10.7,179
112,"[165,1]",3.78,0.16,2.47,0.05,0.01,0.02,0.01,0.34,0.035,516,15,174
113,"[166,1]",3.79,0.18,2.52,0.05,0.01,0.02,0.01,0.35,0.03,516,15,179
114,"[167,1]",3.74,0.16,2.3,0.05,0.01,0.02,0.01,0.33,0.037,542,15,183
115,"[168,1]",3.76,0.16,2.35,0.05,0.01,0.02,0.01,0.34,0.038,526,14.3,179
116,"[169,1]",3.76,0.15,2.33,0.05,0.01,0.02,0.01,0.27,0.04,504,12.8,179
117,"[170,1]",3.68,0.14,2.36,0.05,0.01,0.02,0.01,0.31,0.045,507,10.5,179
118,"[171,1]",3.69,0.12,2.45,0.06,0.01,0.02,0.01,0.04,0.055,440,21.4,152
119,"[172,1]",3.71,0.14,2.48,0.06,0.01,0.02,0.01,0.04,0.046,465,15,163
120,"[173,1]",3.71,0.11,2.4,0.05,0.01,0.02,0.01,0.04,0.036,497,15,174
121,"[174,1]",3.66,0.12,2.57,0.06,0.01,0.02,0.01,0.04,0.031,484,17.9,159
122,"[175,1]",3.68,0.11,2.45,0.05,0.01,0.02,0.01,0.03,0.051,439,22.8,159
123,"[176,1]",3.62,0.11,2.38,0.05,0.01,0.02,0.01,0.03,0.045,446,22.8,170
124,"[1001,1]",3.58,0.36,2.13,0.05,0.01,0.05,0.03,0.23,0.045,542,10.7,201
125,"[1001,2]",3.56,0.37,2.13,0.05,0.01,0.05,0.03,0.23,0.043,542,10.7,201
126,"[1002,1]",3.64,0.42,2.2,0.05,0.01,0.06,0.03,0.15,0.041,542,8.6,212
127,"[1002,2]",3.66,0.42,2.24,0.05,0.01,0.06,0.03,0.16,0.037,542,8.6,212
128,"[1003,1]",3.59,0.42,2.4,0.05,0.01,0.06,0.03,0.16,0.042,573,10.7,212
129,"[1004,1]",3.66,0.39,2.32,0.05,0.01,0.06,0.03,0.17,0.048,562,10,197
130,"[1004,2]",3.68,0.39,2.37,0.05,0.01,0.06,0.04,0.18,0.049,562,10,197
131,"[1005,1]",3.62,0.33,2.21,0.05,0.01,0.05,0.03,0.21,0.044,562,10,192
132,"[1005,2]",3.61,0.33,2.21,0.05,0.01,0.05,0.02,0.21,0.04,562,10,192
133,"[1006,1]",3.61,0.35,2.2,0.05,0.01,0.05,0.03,0.18,0.055,542,10,201
134,"[1006,2]",3.55,0.35,2.19,0.05,0.01,0.05,0.03,0.18,0.042,542,10,201
135,"[1007,1]",3.57,0.36,2.28,0.05,0.01,0.05,0.03,0.2,0.048,586,14.3,212
136,"[1007,2]",3.6,0.37,2.22,0.05,0.01,0.05,0.03,0.21,0.05,586,14.3,212
137,"[1008,1]",3.63,0.33,2.17,0.05,0.01,0.05,0.02,0.13,0.048,555,10.7,197
138,"[1008,2]",3.61,0.33,2.17,0.05,0.01,0.05,0.02,0.13,0.047,555,10.7,197
139,"[1009,1]",3.61,0.34,2.29,0.05,0.01,0.06,0.03,0.23,0.048,568,12.8,207
140,"[1009,2]",3.64,0.34,2.29,0.05,0.01,0.06,0.03,0.22,0.047,568,12.8,207
141,"[1010,1]",3.64,0.38,2.38,0.05,0.01,0.05,0.03,0.17,0.05,573,10,207
142,"[1010,2]",3.61,0.38,2.35,0.04,0.01,0.05,0.03,0.17,0.051,573,10,207
143,"[1011,1]",3.64,0.31,2.32,0.05,0.01,0.06,0.04,0.22,0.047,500,12.8,201
144,"[1011,2]",3.62,0.31,2.3,0.05,0.01,0.06,0.03,0.21,0.039,500,12.8,201
145,"[1012,1]",3.62,0.34,2.38,0.04,0.01,0.06,0.04,0.21,0.041,548,8.6,163
146,"[1012,2]",3.64,0.34,2.36,0.04,0.01,0.06,0.04,0.21,0.041,548,8.6,163
147,"[1013,1]",3.82,0.18,2.47,0.05,0.01,0.03,0.01,0.07,0.035,452,19.3,156
148,"[1013,2]",3.79,0.19,2.46,0.06,0.01,0.03,0.01,0.07,0.032,452,19.3,156
149,"[1014,1]",3.81,0.2,2.38,0.05,0.01,0.03,0.02,0.07,0.041,459,17.9,156
150,"[1014,2]",3.78,0.2,2.46,0.06,0.01,0.03,0.03,0.07,0.035,459,17.9,156
151,"[1015,1]",3.79,0.21,2.45,0.06,0.01,0.03,0.02,0.07,0.035,465,22.8,163
152,"[1015,2]",3.78,0.21,2.45,0.06,0.01,0.03,0.02,0.07,0.033,465,22.8,163
153,"[1016,1]",3.82,0.2,2.66,0.06,0.01,0.03,0.02,0.07,0.046,446,18.6,163
154,"[1016,2]",3.73,0.2,2.69,0.06,0.01,0.03,0.02,0.08,0.039,446,18.6,163
155,"[1018,1]",3.68,0.31,2.18,0.05,0.02,0.04,0.03,0.46,0.045,478,15.7,163
156,"[1018,2]",3.62,0.33,2.2,0.05,0.01,0.04,0.03,0.48,0.041,478,15.7,163
157,"[1019,1]",3.6,0.24,2.21,0.05,0.01,0.03,0.02,0.47,0.055,720,7.1,241
158,"[1019,2]",3.61,0.25,2.35,0.05,0.01,0.03,0.02,0.52,0.06,720,7.1,241
159,"[1020,1]",3.6,0.31,2.25,0.05,0.01,0.04,0.02,0.49,0.047,771,8.6,255
160,"[1020,2]",3.57,0.31,2.29,0.05,0.01,0.04,0.02,0.5,0.046,771,8.6,255
161,"[1021,1]",3.68,0.27,2.15,0.04,0.01,0.05,0.02,0.4,0.055,733,7.1,241
162,"[1021,2]",3.64,0.28,2.22,0.04,0.01,0.04,0.02,0.42,0.045,733,7.1,241
163,"[1022,1]",3.66,0.41,2.37,0.05,0.01,0.05,0.03,0.17,0.045,562,10,187
164,"[1022,2]",3.66,0.4,2.29,0.05,0.01,0.05,0.03,0.15,0.045,562,10,187
165,"[1023,1]",3.75,0.38,2.32,0.05,0.01,0.04,0.03,0.23,0.055,548,10.7,197
166,"[1023,2]",3.7,0.35,2.38,0.05,0.01,0.04,0.03,0.24,0.051,548,10.7,197
167,"[1024,1]",3.63,0.34,2.15,0.05,0.01,0.04,0.03,0.18,0.04,573,10.7,197
168,"[1024,2]",3.6,0.35,2.2,0.05,0.01,0.04,0.03,0.18,0.04,573,10.7,197
169,"[1025,1]",3.73,0.32,2.07,0.05,0.01,0.04,0.02,0.14,0.053,618,10.7,212
170,"[1025,2]",3.71,0.33,2.19,0.05,0.01,0.04,0.02,0.15,0.054,618,10.7,212
171,"[1026,1]",3.66,0.3,2.33,0.05,0.01,0.06,0.03,0.22,0.048,580,12.1,212
172,"[1026,2]",3.7,0.31,2.43,0.05,0.01,0.07,0.03,0.23,0.05,580,12.1,212
173,"[1027,1]",3.71,0.38,2.33,0.05,0.01,0.05,0.02,0.31,0.056,562,8.6,201
174,"[1027,2]",3.68,0.38,2.34,0.05,0.01,0.05,0.03,0.31,0.057,562,8.6,201
175,"[1028,1]",3.73,0.33,2.3,0.06,0.01,0.03,0.01,0.21,0.052,529,10,197
176,"[1028,2]",3.7,0.33,2.31,0.06,0.01,0.03,0.01,0.21,0.046,529,10,197
177,"[1029,1]",3.54,0.36,2.32,0.05,0.01,0.04,0.02,0.18,0.05,555,10,201
178,"[1029,2]",3.54,0.37,2.37,0.06,0.01,0.04,0.02,0.19,0.045,555,10,201
179,"[1030,1]",3.62,0.35,2.31,0.05,0.01,0.05,0.03,0.22,0.045,555,9.3,201
180,"[1030,2]",3.62,0.36,2.36,0.05,0.01,0.06,0.03,0.23,0.04,555,9.3,201
181,"[1031,1]",3.78,0.37,2.31,0.05,0.01,0.04,0.02,0.26,0.048,624,7.1,212
182,"[1031,2]",3.74,0.37,2.27,0.05,0.01,0.04,0.02,0.25,0.047,624,7.1,212
183,"[1032,1]",3.76,0.34,2.22,0.05,0.01,0.03,0.02,0.16,0.05,555,7.1,197
184,"[1032,2]",3.74,0.35,2.28,0.05,0.01,0.03,0.02,0.17,0.049,555,7.1,197
185,"[1033,1]",3.75,0.37,2.28,0.05,0.01,0.04,0.02,0.19,0.054,548,9.3,197
186,"[1033,2]",3.7,0.37,2.24,0.05,0.01,0.04,0.02,0.18,0.053,548,9.3,197
187,"[1034,1]",3.65,0.35,2.39,0.05,0.01,0.04,0.02,0.22,0.047,548,10,192
188,"[1034,2]",3.64,0.36,2.42,0.05,0.01,0.04,0.02,0.23,0.048,548,10,192
189,"[1035,1]",3.78,0.15,2.45,0.05,0.01,0.02,0.01,0.06,0.046,446,18.6,170
190,"[1035,2]",3.83,0.15,2.54,0.05,0.01,0.02,0.01,0.06,0.041,446,18.6,170
191,"[1036,1]",3.74,0.16,2.67,0.06,0.01,0.02,0.01,0.06,0.039,459,17.1,159
192,"[1036,2]",3.72,0.16,2.68,0.06,0.01,0.02,0.01,0.06,0.035,459,17.1,159
193,"[1037,1]",3.75,0.13,2.3,0.06,0.01,0.02,0.01,0.06,0.039,459,16.8,170
194,"[1037,2]",3.8,0.13,2.34,0.06,0.01,0.02,0.01,0.06,0.045,459,16.8,170
195,"[1038,1]",3.78,0.15,2.6,0.06,0.01,0.02,0.01,0.07,0.039,452,19.3,163
196,"[1038,2]",3.77,0.15,2.73,0.06,0.01,0.03,0.01,0.08,0.037,452,19.3,163
197,"[1039,1]",3.74,0.14,2.58,0.06,0.01,0.02,0.01,0.06,0.035,427,21.4,156
198,"[1039,2]",3.71,0.14,2.66,0.06,0.01,0.02,0.01,0.06,0.03,427,21.4,156
199,"[1040,1]",3.75,0.12,2.48,0.06,0.01,0.02,0.01,0.05,0.033,459,19.3,159
200,"[1040,2]",3.83,0.12,2.48,0.06,0.01,0.02,0.01,0.05,0.032,459,19.3,159
201,"[1041,1]",3.77,0.14,2.55,0.06,0.01,0.02,0.01,0.05,0.038,459,24.3,159
202,"[1041,2]",3.82,0.14,2.59,0.06,0.01,0.02,0.01,0.05,0.035,459,24.3,159
203,"[1042,1]",3.66,0.14,2.98,0.06,0.01,0.02,0.01,0.05,0.035,478,25,170
204,"[1042,2]",3.62,0.14,2.95,0.06,0.01,0.02,0.01,0.05,0.031,478,25,170
205,"[1043,1]",3.8,0.16,2.7,0.06,0.01,0.02,0.01,0.07,0.035,452,22.8,163
206,"[1043,2]",3.78,0.17,2.71,0.06,0.01,0.02,0.01,0.07,0.035,452,22.8,163
207,"[1044,1]",3.7,0.14,2.58,0.06,0.01,0.02,0.01,0.05,0.033,459,17.1,163
208,"[1044,2]",3.73,0.14,2.65,0.06,0.01,0.02,0.01,0.05,0.032,459,17.1,163
209,"[1045,1]",3.83,0.14,2.51,0.06,0.01,0.02,0.01,0.05,0.03,439,25,163
210,"[1045,2]",3.82,0.14,2.52,0.06,0.01,0.02,0.01,0.05,0.028,439,25,163
211,"[1046,1]",3.84,0.15,2.6,0.06,0.01,0.02,0.01,0.06,0.041,446,20.7,163
212,"[1046,2]",3.76,0.15,2.52,0.06,0.01,0.02,0.01,0.06,0.036,446,20.7,163
213,"[1047,1]",3.8,0.17,2.63,0.06,0.01,0.02,0.01,0.08,0.035,452,20.7,163
214,"[1047,2]",3.78,0.17,2.54,0.06,0.01,0.02,0.01,0.07,0.029,452,20.7,163
215,"[1048,1]",3.86,0.16,2.44,0.06,0.01,0.02,0.01,0.07,0.034,439,17.1,163
216,"[1048,2]",3.82,0.16,2.46,0.06,0.01,0.02,0.01,0.07,0.04,439,17.1,163
217,"[1049,1]",3.89,0.14,2.6,0.06,0.01,0.02,0.01,0.06,0.042,465,20,167
218,"[1049,2]",3.83,0.14,2.65,0.06,0.01,0.02,0.01,0.07,0.038,465,20,167
219,"[1050,1]",3.74,0.18,2.6,0.05,0.01,0.02,0.01,0.08,0.034,452,23.6,167
220,"[1050,2]",3.8,0.17,2.62,0.06,0.01,0.02,0.01,0.09,0.038,452,23.6,167
221,"[1051,1]",3.65,0.37,2.25,0.05,0.01,0.03,0.02,0.17,0.05,523,15.7,170
222,"[1051,2]",3.68,0.37,2.28,0.05,0.01,0.03,0.02,0.17,0.047,523,15.7,170
223,"[1052,1]",3.63,0.33,2.33,0.05,0.01,0.04,0.03,0.18,0.04,510,14.3,179
224,"[1052,2]",3.7,0.33,2.33,0.05,0.01,0.04,0.03,0.18,0.033,510,14.3,179
225,"[1053,1]",3.69,0.35,2.34,0.05,0.01,0.1,0.04,0.21,0.046,650,11.4,223
226,"[1053,2]",3.7,0.35,2.29,0.05,0.01,0.1,0.04,0.21,0.045,650,11.4,223
227,"[1054,1]",3.66,0.38,2.39,0.05,0.01,0.07,0.04,0.22,0.042,586,12.1,197
228,"[1054,2]",3.65,0.38,2.41,0.05,0.01,0.07,0.04,0.22,0.042,586,12.1,197
229,"[1055,1]",3.61,0.35,2.44,0.05,0.01,0.06,0.04,0.2,0.053,573,14.3,197
230,"[1055,2]",3.61,0.35,2.48,0.05,0.01,0.06,0.04,0.2,0.053,573,14.3,197
231,"[1056,1]",3.86,0.13,2.3,0.06,0.01,0.02,0.01,0.05,0.036,471,20,179
232,"[1056,2]",3.92,0.13,2.31,0.06,0.01,0.02,0.01,0.05,0.036,471,20,179
233,"[1057,1]",3.8,0.13,2.47,0.06,0.01,0.02,0.01,0.05,0.036,459,23.6,167
234,"[1057,2]",3.84,0.13,2.46,0.06,0.01,0.02,0.01,0.05,0.037,459,23.6,167
235,"[1058,1]",3.82,0.13,2.65,0.05,0.01,0.02,0.01,0.05,0.036,459,23.6,167
236,"[1059,1]",3.76,0.13,2.68,0.06,0.01,0.03,0.01,0.05,0.036,459,23.6,163
237,"[1059,2]",3.8,0.13,2.67,0.06,0.01,0.03,0.01,0.05,0.037,459,23.6,163
238,"[1060,1]",3.88,0.11,2.44,0.06,0.01,0.02,0.01,0.03,0.035,452,21.4,156
239,"[1060,2]",3.84,0.11,2.4,0.06,0.01,0.02,0.01,0.03,0.038,452,21.4,156
240,"[1061,1]",3.81,0.14,2.63,0.06,0.01,0.02,0.01,0.04,0.035,465,20.7,156
241,"[1061,2]",3.76,0.14,2.58,0.06,0.01,0.02,0.01,0.04,0.038,465,20.7,156
242,"[1062,1]",3.84,0.14,2.58,0.06,0.01,0.02,0.01,0.05,0.035,430,20.7,156
243,"[1062,2]",3.86,0.14,2.59,0.06,0.01,0.02,0.01,0.05,0.036,430,20.7,156
244,"[1063,1]",3.87,0.14,2.54,0.05,0.01,0.02,0.01,0.04,0.035,459,20.7,156
245,"[1063,2]",3.86,0.12,2.49,0.05,0.01,0.02,0.01,0.04,0.039,459,20.7,156
246,"[1064,1]",3.8,0.13,2.63,0.06,0.01,0.01,0.01,0.03,0.036,459,18.6,156
247,"[1064,2]",3.85,0.13,2.6,0.06,0.01,0.01,0.01,0.03,0.039,459,18.6,156
248,"[1065,1]",3.77,0.17,2.41,0.06,0.01,0.02,0.01,0.03,0.036,455,22.1,163
249,"[1065,2]",3.88,0.17,2.38,0.06,0.01,0.02,0.01,0.03,0.03,455,22.1,163
250,"[1066,1]",3.78,0.38,2.14,0.05,0.01,0.04,0.03,0.33,0.048,740,7.9,217
251,"[1066,2]",3.74,0.38,2.15,0.05,0.01,0.04,0.03,0.33,0.046,740,7.9,217
252,"[1067,1]",3.68,0.25,2.17,0.05,0.01,0.04,0.02,0.44,0.045,749,7.9,241
253,"[1068,1]",3.61,0.31,2.18,0.05,0.01,0.04,0.03,0.45,0.057,720,8.6,235
254,"[1068,2]",3.61,0.32,2.21,0.05,0.01,0.04,0.03,0.46,0.054,720,8.6,235
255,"[1069,1]",3.8,0.19,2.35,0.05,0.01,0.02,0.01,0.06,0.035,455,22.1,163
256,"[1069,2]",3.78,0.19,2.44,0.05,0.01,0.02,0.01,0.06,0.037,455,22.1,163
257,"[1070,1]",3.8,0.2,2.72,0.05,0.01,0.02,0.01,0.06,0.037,452,21.4,167
258,"[1070,2]",3.81,0.2,2.74,0.05,0.01,0.02,0.01,0.06,0.038,452,21.4,167
259,"[1071,1]",3.89,0.15,2.42,0.05,0.01,0.03,0.01,0.05,0.052,433,23.6,156
260,"[1071,2]",3.88,0.15,2.45,0.05,0.01,0.02,0.01,0.05,0.044,433,23.6,156
261,"[1072,1]",3.8,0.2,2.68,0.05,0.01,0.02,0.01,0.07,0.041,478,15.7,156
262,"[1072,2]",3.81,0.2,2.62,0.05,0.01,0.02,0.01,0.07,0.04,478,15.7,156
263,"[1073,1]",3.79,0.32,2.36,0.05,0.01,0.03,0.02,0.22,0.046,573,12.8,207
264,"[1073,2]",3.83,0.31,2.34,0.05,0.01,0.03,0.02,0.21,0.046,573,12.8,207
265,"[1074,1]",3.63,0.37,2.45,0.05,0.01,0.04,0.03,0.21,0.05,532,13.6,201
266,"[1074,2]",3.65,0.37,2.4,0.05,0.01,0.04,0.03,0.2,0.042,532,13.6,201
267,"[1075,1]",3.59,0.33,2.41,0.05,0.01,0.04,0.03,0.2,0.048,555,15.7,192
268,"[1075,2]",3.59,0.33,2.37,0.05,0.01,0.03,0.02,0.19,0.046,555,15.7,192
269,"[1076,1]",3.73,0.37,2.3,0.04,0.01,0.04,0.03,0.17,0.047,510,16.4,192
270,"[1076,2]",3.74,0.38,2.31,0.04,0.01,0.04,0.03,0.17,0.048,510,16.4,192
271,"[1077,1]",3.53,0.38,2.2,0.05,0.01,0.05,0.03,0.18,0.042,520,13.6,187
272,"[1077,2]",3.5,0.38,2.18,0.05,0.01,0.05,0.03,0.18,0.036,520,13.6,187
273,"[1078,1]",3.64,0.32,2.12,0.04,0.01,0.04,0.03,0.52,0.035,743,8.6,235
274,"[1078,2]",3.68,0.32,2.14,0.04,0.01,0.04,0.03,0.52,0.035,743,8.6,235
275,"[1079,1]",3.61,0.34,2.22,0.05,0.01,0.04,0.02,0.6,0.052,749,8.6,248
276,"[1079,2]",3.65,0.34,2.2,0.05,0.01,0.04,0.02,0.6,0.047,749,8.6,248
277,"[1080,1]",3.68,0.33,2.3,0.04,0.01,0.04,0.03,0.51,0.056,733,8.6,248
278,"[1080,2]",3.64,0.33,2.33,0.04,0.01,0.04,0.02,0.49,0.045,733,8.6,248
279,"[1081,1]",3.57,0.34,2.33,0.05,0.01,0.04,0.03,0.52,0.053,720,8,248
280,"[1081,2]",3.56,0.34,2.36,0.04,0.01,0.04,0.03,0.55,0.053,720,8,248
281,"[1082,1]",3.68,0.34,2.16,0.06,0.01,0.05,0.03,0.2,0.035,592,12.8,217
282,"[1082,2]",3.62,0.34,2.13,0.06,0.01,0.04,0.03,0.19,0.03,592,12.8,217
283,"[1083,1]",3.66,0.38,2.14,0.05,0.02,0.04,0.03,0.2,0.05,573,14.3,223
284,"[1083,2]",3.66,0.39,2.16,0.05,0.01,0.04,0.03,0.2,0.044,573,14.3,223
285,"[1084,1]",3.65,0.35,2.19,0.06,0.01,0.05,0.02,0.18,0.046,516,15.7,207
286,"[1085,1]",3.57,0.35,2.18,0.05,0.01,0.04,0.02,0.18,0.05,500,15.7,179
287,"[1085,2]",3.58,0.35,2.16,0.05,0.01,0.04,0.02,0.18,0.045,500,15.7,179
288,"[1086,1]",3.68,0.17,2.44,0.05,0.01,0.02,0.01,0.05,0.038,452,22.8,163
289,"[1086,2]",3.78,0.17,2.38,0.04,0.01,0.02,0.01,0.05,0.035,452,22.8,163
290,"[1087,1]",3.7,0.24,2.5,0.05,0.01,0.04,0.02,0.11,0.04,465,20,167
291,"[1087,2]",3.7,0.25,2.53,0.05,0.01,0.04,0.02,0.11,0.038,465,20,167
292,"[1088,1]",3.77,0.2,2.45,0.05,0.01,0.02,0.01,0.07,0.032,471,20,163
293,"[1088,2]",3.73,0.2,2.43,0.05,0.01,0.02,0.01,0.07,0.032,471,20,163
294,"[1089,1]",3.75,0.19,2.6,0.05,0.01,0.02,0.01,0.07,0.042,444,24.4,163
295,"[1089,2]",3.7,0.19,2.59,0.05,0.01,0.02,0.01,0.07,0.039,444,24.4,163
296,"[1090,1]",3.67,0.31,2.12,0.05,0.01,0.03,0.02,0.19,0.039,538,15.9,192
297,"[1091,1]",3.55,0.33,2.19,0.04,0.01,0.04,0.02,0.22,0.043,542,12.8,197
298,"[1092,1]",3.65,0.32,2.2,0.04,0.01,0.04,0.02,0.21,0.035,542,13.6,197
299,"[1093,1]",3.81,0.15,2.43,0.05,0.01,0.02,0.01,0.06,0.04,446,24.3,156
300,"[1094,1]",3.89,0.25,2.65,0.05,0.01,0.03,0.02,0.14,0.035,446,23.6,159
301,"[1095,1]",3.66,0.36,2.16,0.04,0.02,0.05,0.03,0.18,0.041,586,10.7,212
302,"[1096,1]",3.58,0.32,2.35,0.04,0.01,0.06,0.03,0.18,0.049,568,14.3,201
303,"[1097,1]",3.69,0.33,2.2,0.04,0.01,0.08,0.04,0.18,0.048,529,14.3,192
304,"[1098,1]",3.65,0.35,2.24,0.04,0.01,0.05,0.02,0.18,0.052,593,12.1,207
305,"[1099,1]",3.64,0.35,2.24,0.04,0.01,0.05,0.02,0.18,0.05,583,12.1,201
306,"[1100,1]",3.69,0.36,2.29,0.05,0.01,0.05,0.03,0.17,0.046,532,13.6,167
307,"[1101,1]",3.73,0.34,2.06,0.05,0.01,0.04,0.03,0.19,0.035,568,14.3,197
308,"[1102,1]",3.62,0.37,2.17,0.04,0.01,0.04,0.03,0.18,0.043,599,12.8,212
309,"[1103,1]",3.56,0.34,2.22,0.04,0.01,0.04,0.03,0.18,0.044,548,13.6,197
310,"[1104,1]",3.68,0.34,2.18,0.04,0.01,0.07,0.03,0.22,0.045,573,11.4,197
311,"[1105,1]",3.7,0.39,2.27,0.05,0.01,0.08,0.04,0.2,0.047,555,11.4,197
312,"[1106,1]",3.86,0.14,2.61,0.05,0.01,0.02,0.01,0.05,0.036,446,17.1,159
313,"[1106,2]",3.74,0.14,2.59,0.05,0.01,0.02,0.01,0.05,0.033,446,17.1,159
314,"[1107,1]",3.76,0.16,2.6,0.05,0.01,0.02,0.01,0.09,0.039,414,10,163
315,"[1107,2]",3.79,0.16,2.59,0.05,0.01,0.02,0.01,0.09,0.032,414,10,163
316,"[1107,13]",3.76,0.16,2.6,0.05,0.01,0.02,0.01,0.09,0.039,398,10,163
317,"[1107,23]",3.79,0.16,2.59,0.05,0.01,0.02,0.01,0.09,0.032,398,10,163
318,"[1108,1]",3.77,0.14,2.5,0.04,0.01,0.02,0.01,0.05,0.032,433,20,163
319,"[1108,2]",3.8,0.14,2.53,0.04,0.01,0.02,0.01,0.05,0.036,433,20,163
320,"[1109,1]",3.84,0.16,2.72,0.05,0.01,0.02,0.01,0.06,0.04,446,20,163
321,"[1109,2]",3.82,0.16,2.75,0.05,0.01,0.02,0.01,0.06,0.04,446,20,163
322,"[1110,1]",3.85,0.14,2.68,0.05,0.01,0.02,0.01,0.05,0.039,443,21.4,163
323,"[1110,2]",3.82,0.14,2.66,0.05,0.01,0.02,0.01,0.05,0.042,443,21.4,163
324,"[1111,1]",3.81,0.14,2.67,0.05,0.01,0.02,0.01,0.04,0.036,414,22.8,163
325,"[1111,2]",3.8,0.14,2.67,0.05,0.01,0.02,0.01,0.04,0.032,414,22.8,163
326,"[1112,1]",3.73,0.14,2.6,0.05,0.01,0.02,0.01,0.04,0.035,455,19.3,167
327,"[1112,2]",3.72,0.14,2.63,0.05,0.01,0.02,0.01,0.04,0.033,455,19.3,167
328,"[1113,1]",3.86,0.18,2.62,0.05,0.01,0.02,0.01,0.06,0.035,423,21.4,167
329,"[1113,2]",3.78,0.18,2.59,0.05,0.01,0.02,0.01,0.06,0.034,423,21.4,167
330,"[1114,1]",3.75,0.17,2.65,0.05,0.01,0.02,0.01,0.06,0.043,462,18.6,163
331,"[1114,2]",3.65,0.17,2.65,0.05,0.01,0.02,0.01,0.06,0.038,462,18.6,163
332,"[1115,1]",3.72,0.15,2.6,0.05,0.01,0.02,0.01,0.04,0.033,452,18.6,163
333,"[1115,2]",3.72,0.15,2.56,0.05,0.01,0.02,0.01,0.04,0.038,452,18.6,163
334,"[1116,1]",3.66,0.31,2,0.04,0.01,0.09,0.06,0.17,0.039,580,11.4,212
335,"[1116,2]",3.7,0.31,2.02,0.04,0.01,0.05,0.03,0.17,0.039,580,11.4,212
336,"[1117,1]",3.56,0.34,2.3,0.04,0.01,0.04,0.03,0.22,0.045,586,12.1,212
337,"[1118,1]",3.64,0.33,2.34,0.05,0.01,0.05,0.03,0.17,0.045,523,12.1,183
338,"[1118,2]",3.68,0.33,2.22,0.05,0.01,0.05,0.03,0.16,0.041,523,12.1,183
339,"[1119,1]",3.67,0.4,2.18,0.04,0.01,0.06,0.03,0.2,0.047,586,12.1,192
340,"[1119,2]",3.65,0.4,2.17,0.04,0.01,0.06,0.03,0.2,0.051,586,12.1,192
341,"[1120,1]",3.64,0.34,2.2,0.04,0.01,0.06,0.03,0.23,0.045,573,12.8,207
342,"[1120,3]",3.64,0.34,2.2,0.04,0.01,0.06,0.03,0.23,0.045,535,15,192
343,"[1121,1]",3.6,0.29,2.32,0.04,0.01,0.05,0.03,0.45,0.04,568,12.8,197
344,"[1121,2]",3.62,0.29,2.26,0.04,0.01,0.05,0.03,0.43,0.036,568,12.8,197
345,"[1122,1]",3.7,0.25,2.3,0.04,0.01,0.04,0.02,0.43,0.05,573,12.8,207
346,"[1122,2]",3.68,0.25,2.27,0.04,0.01,0.04,0.02,0.42,0.049,573,12.8,207
347,"[1123,1]",3.71,0.36,2.22,0.04,0.02,0.1,0.03,0.23,0.041,542,12.8,187
348,"[1123,2]",3.71,0.36,2.2,0.04,0.02,0.1,0.03,0.23,0.034,542,12.8,187
349,"[1124,1]",3.58,0.28,2.2,0.04,0.01,0.1,0.02,0.22,0.049,529,14.3,187
350,"[1125,1]",3.73,0.27,2.24,0.05,0.01,0.09,0.03,0.25,0.043,573,12.8,197
351,"[1125,2]",3.71,0.27,2.23,0.04,0.01,0.09,0.03,0.25,0.047,573,12.8,197
352,"[1126,1]",3.7,0.25,2.28,0.04,0.01,0.07,0.03,0.24,0.045,548,17.1,197
353,"[1126,2]",3.62,0.25,2.28,0.04,0.01,0.07,0.02,0.24,0.042,548,17.1,197
354,"[1127,1]",3.63,0.37,2.31,0.05,0.02,0.07,0.04,0.21,0.045,452,14.3,207
355,"[1127,2]",3.6,0.41,2.72,0.05,0.02,0.08,0.04,0.26,0.051,452,14.3,207
356,"[1128,1]",3.76,0.14,2.35,0.05,0.01,0.02,0.01,0.04,0.041,568,21.4,163
357,"[1128,2]",3.78,0.15,2.38,0.05,0.01,0.02,0.01,0.04,0.042,568,21.4,163
358,"[1129,1]",3.64,0.26,2.27,0.05,0.01,0.04,0.01,0.15,0.037,675,12.8,217
359,"[1129,2]",3.67,0.26,2.27,0.05,0.01,0.04,0.01,0.15,0.038,675,12.8,217
360,"[1130,1]",3.63,0.3,2.15,0.04,0.01,0.05,0.02,0.22,0.044,611,12.8,212
361,"[1130,2]",3.66,0.3,2.18,0.04,0.01,0.05,0.02,0.22,0.05,611,12.8,212
362,"[1131,1]",3.68,0.31,2.21,0.04,0.02,0.05,0.02,0.18,0.045,605,12.8,197
363,"[1131,2]",3.75,0.31,2.22,0.04,0.02,0.05,0.02,0.19,0.05,605,12.8,197
364,"[1132,1]",3.66,0.32,2.21,0.04,0.02,0.07,0.04,0.19,0.041,590,12.8,212
365,"[1132,2]",3.7,0.35,2.27,0.04,0.02,0.07,0.04,0.19,0.039,590,12.8,212
366,"[1133,1]",3.66,0.28,2.04,0.04,0.02,0.05,0.03,0.18,0.043,555,12.1,197
367,"[1133,2]",3.68,0.28,2.05,0.04,0.02,0.05,0.03,0.18,0.045,555,12.1,197
368,"[1134,1]",3.64,0.36,2.18,0.04,0.02,0.07,0.05,0.19,0.05,590,12.1,197
369,"[1134,2]",3.67,0.37,2.19,0.04,0.02,0.07,0.05,0.2,0.058,590,12.1,197
370,"[1135,1]",3.56,0.34,2.29,0.04,0.02,0.05,0.03,0.18,0.047,555,15,197
371,"[1135,2]",3.52,0.34,2.31,0.04,0.01,0.05,0.03,0.18,0.046,555,15,197
372,"[1136,1]",3.78,0.14,2.55,0.04,0.01,0.02,0.01,0.04,0.036,427,22.8,156
373,"[1136,2]",3.83,0.14,2.54,0.04,0.01,0.02,0.01,0.04,0.037,427,22.8,156
374,"[1137,1]",3.73,0.17,2.48,0.05,0.01,0.02,0.01,0.06,0.038,452,22.1,156
375,"[1137,2]",3.7,0.17,2.56,0.05,0.01,0.02,0.01,0.06,0.04,452,22.1,156
376,"[1138,1]",3.79,0.15,2.47,0.05,0.01,0.02,0.01,0.04,0.041,465,20,163
377,"[1139,1]",3.74,0.16,2.51,0.04,0.01,0.02,0.01,0.05,0.038,439,21.4,159
378,"[1139,2]",3.7,0.16,2.49,0.04,0.01,0.02,0.01,0.05,0.036,439,21.4,159
379,"[1140,1]",3.8,0.16,2.55,0.04,0.01,0.02,0.01,0.05,0.038,452,23.6,167
380,"[1140,2]",3.82,0.16,2.58,0.04,0.01,0.02,0.01,0.05,0.037,452,23.6,167
381,"[1141,1]",3.77,0.15,2.65,0.04,0.01,0.02,0.01,0.04,0.035,459,19.3,159
382,"[1141,2]",3.74,0.15,2.6,0.05,0.01,0.02,0.01,0.04,0.033,459,19.3,159
383,"[1142,1]",3.69,0.13,2.59,0.04,0.01,0.02,0.01,0.03,0.038,443,22.8,159
384,"[1142,2]",3.75,0.14,2.58,0.04,0.01,0.02,0.01,0.03,0.041,443,22.8,159
385,"[1143,1]",3.55,0.29,2.18,0.04,0.02,0.05,0.03,0.17,0.053,548,12.8,197
386,"[1143,2]",3.56,0.3,2.2,0.04,0.02,0.05,0.03,0.17,0.048,548,12.8,197
387,"[1144,1]",3.69,0.32,2.21,0.04,0.02,0.06,0.03,0.19,0.045,565,15,192
388,"[1144,2]",3.69,0.32,2.21,0.04,0.02,0.06,0.03,0.18,0.05,565,15,192
389,"[1145,1]",3.66,0.35,2.14,0.04,0.02,0.05,0.03,0.16,0.045,568,13.6,197
390,"[1145,2]",3.65,0.35,2.15,0.04,0.02,0.04,0.03,0.16,0.052,568,13.6,197
391,"[1146,1]",3.64,0.3,2.21,0.04,0.02,0.05,0.03,0.19,0.043,535,13.6,192
392,"[1146,2]",3.67,0.3,2.2,0.04,0.02,0.05,0.03,0.19,0.039,535,13.6,192
393,"[1147,1]",3.68,0.32,2.14,0.04,0.02,0.06,0.03,0.4,0.042,650,10,212
394,"[1147,2]",3.69,0.33,2.15,0.04,0.02,0.06,0.04,0.41,0.045,650,10,212
395,"[1148,1]",3.67,0.32,2.35,0.04,0.02,0.06,0.04,0.42,0.054,701,10,235
396,"[1148,2]",3.71,0.33,2.36,0.04,0.02,0.06,0.04,0.42,0.055,701,10,235
397,"[1149,1]",3.69,0.28,2.17,0.04,0.02,0.05,0.03,0.39,0.054,662,11.4,229
398,"[1149,2]",3.64,0.28,2.18,0.04,0.02,0.05,0.03,0.4,0.048,662,11.4,229
399,"[1150,1]",3.72,0.26,2.19,0.04,0.02,0.05,0.03,0.47,0.048,662,10.7,217
400,"[1151,1]",3.75,0.34,2.06,0.04,0.01,0.03,0.02,0.16,0.048,510,17.1,163
401,"[1151,2]",3.77,0.34,2.1,0.04,0.01,0.03,0.02,0.17,0.047,510,17.1,163
402,"[1152,1]",3.65,0.34,2.21,0.04,0.02,0.04,0.03,0.18,0.053,510,17.5,174
403,"[1152,2]",3.68,0.34,2.23,0.04,0.02,0.04,0.03,0.18,0.054,510,17.5,174
404,"[1153,1]",3.69,0.33,2.2,0.04,0.02,0.04,0.02,0.18,0.041,523,15.7,183
405,"[1153,2]",3.65,0.34,2.2,0.04,0.02,0.04,0.02,0.18,0.043,523,15.7,183
406,"[1154,1]",3.64,0.32,2.06,0.04,0.02,0.04,0.03,0.18,0.046,523,17.1,179
407,"[1154,2]",3.64,0.33,2.05,0.04,0.02,0.04,0.03,0.17,0.044,523,17.1,179
408,"[1155,1]",3.62,0.35,2.34,0.04,0.01,0.04,0.03,0.2,0.046,552,14.3,201
409,"[1155,2]",3.62,0.33,2.3,0.04,0.01,0.04,0.02,0.19,0.03,552,14.3,201
410,"[1156,1]",3.72,0.36,2.25,0.04,0.01,0.07,0.03,0.17,0.044,535,14.3,187
411,"[1156,2]",3.71,0.37,2.25,0.04,0.01,0.08,0.03,0.17,0.04,535,14.3,187
412,"[1157,1]",3.75,0.13,2.61,0.05,0.01,0.02,0.01,0.05,0.042,446,22.8,156
413,"[1157,2]",3.67,0.13,2.6,0.05,0.01,0.02,0.01,0.05,0.038,446,22.8,156
414,"[1158,1]",3.76,0.17,2.52,0.05,0.01,0.03,0.01,0.08,0.035,446,22.8,156
415,"[1158,2]",3.78,0.17,2.49,0.05,0.01,0.03,0.01,0.08,0.034,446,22.8,156
416,"[1159,1]",3.8,0.13,2.43,0.05,0.01,0.02,0.01,0.05,0.035,446,22.8,156
417,"[1159,2]",3.82,0.13,2.37,0.05,0.01,0.02,0.01,0.05,0.037,446,22.8,156
418,"[1160,1]",3.78,0.11,2.37,0.05,0.01,0.02,0.01,0.04,0.036,446,22.1,156
419,"[1160,2]",3.79,0.11,2.36,0.05,0.01,0.02,0.01,0.04,0.035,446,22.1,156
420,"[1161,1]",3.69,0.33,2.12,0.04,0.01,0.05,0.02,0.24,0.049,643,9.3,235
421,"[1162,1]",3.6,0.32,2.23,0.04,0.01,0.04,0.02,0.19,0.046,523,15.7,179
422,"[1162,2]",3.64,0.33,2.26,0.04,0.01,0.04,0.02,0.2,0.038,523,15.7,179
423,"[1163,1]",3.5,0.27,2.33,0.05,0.01,0.05,0.03,0.46,0.043,552,12.8,197
424,"[1164,1]",3.65,0.36,2.19,0.05,0.01,0.05,0.02,0.2,0.04,555,14.3,197
425,"[1164,2]",3.7,0.37,2.23,0.05,0.01,0.05,0.02,0.2,0.04,555,14.3,197
426,"[1165,1]",3.76,0.35,2.33,0.04,0.01,0.05,0.03,0.19,0.042,535,14.3,187
427,"[1166,1]",3.58,0.35,2.35,0.05,0.01,0.06,0.03,0.2,0.041,529,14.3,192
428,"[1166,2]",3.6,0.35,2.37,0.05,0.01,0.06,0.03,0.2,0.041,529,14.3,192
429,"[1167,1]",3.66,0.31,2.42,0.04,0.01,0.04,0.02,0.22,0.036,504,12.8,167
430,"[1167,2]",3.67,0.31,2.44,0.04,0.01,0.04,0.02,0.22,0.032,504,12.8,167
431,"[1168,1]",3.72,0.16,2.5,0.05,0.01,0.03,0.01,0.08,0.04,449,20,156
432,"[1168,2]",3.74,0.16,2.46,0.05,0.01,0.03,0.01,0.08,0.039,449,20,156
433,"[1169,1]",3.7,0.15,2.45,0.05,0.01,0.02,0.01,0.07,0.045,446,16.9,159
434,"[1169,2]",3.76,0.15,2.44,0.05,0.01,0.02,0.01,0.07,0.042,446,16.9,159
435,"[1170,1]",3.83,0.16,2.64,0.05,0.01,0.03,0.01,0.08,0.038,446,21.4,163
436,"[1170,2]",3.8,0.16,2.56,0.05,0.01,0.03,0.01,0.08,0.034,446,21.4,163
437,"[1171,1]",3.7,0.34,2.51,0.05,0.01,0.03,0.01,0.26,0.057,510,17.1,179
438,"[1171,2]",3.72,0.33,2.51,0.05,0.01,0.03,0.01,0.26,0.057,510,17.1,179
439,"[1172,1]",3.64,0.31,2.2,0.04,0.01,0.04,0.02,0.2,0.04,504,17.1,179
440,"[1172,2]",3.68,0.31,2.22,0.04,0.01,0.04,0.02,0.2,0.044,504,17.1,179
441,"[1173,1]",3.69,0.16,2.81,0.05,0.01,0.03,0.01,0.09,0.03,462,21.4,163
442,"[1173,2]",3.7,0.16,2.61,0.05,0.01,0.03,0.01,0.09,0.029,462,21.4,163
443,"[1174,1]",3.53,0.16,2.44,0.05,0.01,0.03,0.01,0.09,0.038,446,21.4,163
444,"[1174,2]",3.78,0.17,2.51,0.05,0.01,0.03,0.01,0.1,0.039,446,21.4,163
445,"[1175,1]",3.85,0.17,2.49,0.05,0.01,0.03,0.01,0.07,0.042,439,21.4,156
446,"[1176,1]",3.76,0.19,2.67,0.04,0.01,0.03,0.02,0.1,0.035,471,21.4,156
447,"[1176,2]",3.77,0.2,2.7,0.04,0.01,0.03,0.02,0.11,0.034,471,21.4,156
448,"[1177,1]",3.73,0.16,2.37,0.05,0.01,0.03,0.01,0.09,0.039,452,20,159
449,"[1178,1]",3.71,0.16,2.51,0.05,0.01,0.03,0.01,0.11,0.037,439,21.4,156
450,"[1179,1]",3.75,0.18,2.44,0.05,0.01,0.03,0.01,0.09,0.038,471,21.4,156
451,"[1179,2]",3.77,0.16,2.53,0.05,0.01,0.03,0.01,0.1,0.038,471,21.4,156
452,"[1180,1]",3.76,0.12,2.42,0.05,0.01,0.02,0.01,0.07,0.039,439,20.7,156
453,"[1181,1]",3.8,0.13,2.38,0.05,0.01,0.02,0.01,0.06,0.039,452,22.8,156
454,"[1181,2]",3.86,0.13,2.33,0.05,0.01,0.02,0.01,0.05,0.035,452,22.8,156
455,"[1182,1]",3.72,0.34,2.21,0.05,0.01,0.03,0.02,0.19,0.047,562,14.3,197
456,"[1182,2]",3.75,0.34,2.19,0.05,0.01,0.03,0.02,0.19,0.044,562,14.3,197
457,"[1183,1]",3.7,0.29,2.36,0.04,0.01,0.05,0.03,0.19,0.047,538,18.7,175
458,"[1183,2]",3.69,0.29,2.41,0.04,0.01,0.05,0.03,0.19,0.046,538,18.7,175
459,"[1184,1]",3.8,0.13,2.58,0.05,0.01,0.02,0.01,0.05,0.035,439,24.3,156
460,"[1184,2]",3.81,0.12,2.53,0.05,0.01,0.02,0.01,0.06,0.035,439,24.3,156
461,"[1185,1]",3.83,0.13,2.6,0.05,0.01,0.02,0.01,0.06,0.033,497,17.1,167
462,"[1185,2]",3.78,0.12,2.6,0.05,0.01,0.02,0.01,0.05,0.036,497,17.1,167
463,"[1186,1]",3.66,0.3,2.35,0.04,0.02,0.05,0.05,0.2,0.041,602,11.4,201
464,"[1186,2]",3.68,0.3,2.3,0.04,0.02,0.05,0.05,0.19,0.042,602,11.4,201
465,"[1187,1]",3.56,0.35,2.14,0.05,0.02,0.06,0.04,0.21,0.037,602,11.4,207
466,"[1188,1]",3.64,0.37,2.24,0.05,0.01,0.06,0.04,0.21,0.045,586,12.8,207
467,"[1188,2]",3.69,0.38,2.27,0.05,0.02,0.06,0.04,0.22,0.039,586,12.8,207
468,"[1189,1]",3.64,0.32,2.24,0.05,0.01,0.07,0.03,0.21,0.043,513,12.1,197
469,"[1189,2]",3.67,0.32,2.25,0.05,0.01,0.07,0.03,0.21,0.038,513,12.1,197
470,"[1190,1]",3.69,0.36,2.38,0.04,0.01,0.05,0.03,0.19,0.038,624,12.1,217
471,"[1190,2]",3.64,0.36,2.38,0.04,0.01,0.05,0.03,0.19,0.028,624,12.1,217
472,"[1191,1]",3.67,0.34,2.24,0.04,0.01,0.04,0.02,0.21,0.05,562,14.3,197
473,"[1192,1]",3.64,0.35,2.4,0.05,0.01,0.05,0.02,0.24,0.049,562,14.3,201
474,"[1192,2]",3.57,0.34,2.32,0.05,0.01,0.04,0.02,0.24,0.048,562,14.3,201
475,"[1193,1]",3.69,0.35,2.28,0.05,0.01,0.04,0.02,0.22,0.041,555,12.8,192
476,"[1194,1]",3.6,0.34,2.25,0.04,0.01,0.04,0.02,0.22,0.049,562,14.3,197
477,"[1195,1]",3.63,0.35,2.23,0.04,0.01,0.04,0.02,0.21,0.047,586,15,197
478,"[1196,1]",3.62,0.36,2.25,0.05,0.01,0.06,0.03,0.22,0.044,586,14.3,229
479,"[1197,1]",3.72,0.15,2.53,0.05,0.01,0.03,0.01,0.06,0.041,452,21.4,163
480,"[1197,2]",3.81,0.15,2.57,0.05,0.01,0.03,0.01,0.06,0.042,452,21.4,163
481,"[1198,1]",3.76,0.15,2.52,0.05,0.01,0.02,0.01,0.09,0.036,446,20,163
482,"[1198,2]",3.79,0.15,2.56,0.05,0.01,0.02,0.01,0.1,0.035,446,20,163
483,"[1199,1]",3.79,0.15,2.74,0.05,0.01,0.03,0.01,0.08,0.038,452,20,163
484,"[1199,2]",3.75,0.16,2.68,0.05,0.01,0.03,0.01,0.09,0.035,452,20,163
485,"[1200,1]",3.84,0.15,2.52,0.05,0.01,0.03,0.01,0.09,0.035,459,20,156
486,"[1200,2]",3.8,0.15,2.6,0.05,0.01,0.03,0.01,0.09,0.037,459,20,156
487,"[1201,1]",3.7,0.32,2.2,0.04,0.01,0.04,0.02,0.21,0.047,682,10,223
488,"[1201,2]",3.7,0.32,2.19,0.04,0.01,0.04,0.02,0.21,0.049,682,10,223
489,"[1202,1]",3.57,0.34,2.22,0.04,0.01,0.05,0.02,0.2,0.049,605,11.4,207
490,"[1202,2]",3.63,0.35,2.38,0.04,0.01,0.06,0.03,0.21,0.048,605,11.4,207
491,"[1203,1]",3.58,0.32,2.33,0.04,0.01,0.06,0.03,0.23,0.048,701,9.3,229
492,"[1203,2]",3.54,0.31,2.27,0.04,0.01,0.06,0.03,0.22,0.043,701,9.3,229
493,"[1204,1]",3.67,0.3,2.14,0.04,0.01,0.05,0.02,0.21,0.039,662,11.4,217
494,"[1204,2]",3.7,0.31,2.19,0.04,0.01,0.05,0.02,0.21,0.04,662,11.4,217
495,"[1205,1]",3.6,0.29,2.4,0.04,0.01,0.05,0.03,0.23,0.039,573,15.7,201
496,"[1205,2]",3.6,0.3,2.52,0.04,0.01,0.05,0.03,0.24,0.038,573,15.7,201
497,"[1206,1]",3.68,0.32,2.2,0.05,0.01,0.06,0.03,0.22,0.035,568,14.3,197
498,"[1206,2]",3.7,0.33,2.2,0.05,0.01,0.06,0.03,0.22,0.036,568,14.3,197
499,"[1207,1]",3.75,0.31,2.22,0.04,0.01,0.05,0.03,0.21,0.04,605,13.6,217
500,"[1207,2]",3.74,0.31,2.23,0.04,0.01,0.05,0.03,0.2,0.041,605,13.6,217
501,"[1208,1]",3.65,0.35,2.35,0.05,0.01,0.05,0.03,0.22,0.046,624,12.8,229
502,"[1208,2]",3.68,0.35,2.31,0.05,0.01,0.05,0.03,0.22,0.049,624,12.8,229
503,"[1209,1]",3.64,0.35,2.33,0.05,0.01,0.06,0.03,0.23,0.038,618,10.7,223
504,"[1209,2]",3.66,0.35,2.33,0.05,0.01,0.06,0.03,0.23,0.038,618,10.7,223
505,"[1210,1]",3.87,0.16,2.53,0.05,0.01,0.03,0.01,0.08,0.035,459,21.4,163
506,"[1210,2]",3.84,0.16,2.51,0.05,0.01,0.03,0.01,0.08,0.035,459,21.4,163
507,"[1211,1]",3.52,0.28,2.22,0.05,0.01,0.06,0.03,0.24,0.054,573,12.8,197
508,"[1211,2]",3.55,0.28,2.19,0.05,0.01,0.06,0.03,0.23,0.05,573,12.8,197
509,"[1212,1]",3.65,0.33,2.09,0.05,0.01,0.06,0.03,0.21,0.039,573,12.8,197
510,"[1212,2]",3.67,0.33,2.04,0.05,0.01,0.06,0.03,0.21,0.04,573,12.8,197
511,"[1213,1]",3.58,0.29,2.28,0.04,0.01,0.07,0.03,0.23,0.046,555,13.6,192
512,"[1213,2]",3.63,0.3,2.36,0.04,0.01,0.07,0.03,0.24,0.038,555,13.6,192
513,"[1214,1]",3.65,0.3,2.2,0.04,0.01,0.08,0.04,0.22,0.037,592,11.4,207
514,"[1214,2]",3.67,0.3,2.22,0.04,0.02,0.08,0.04,0.23,0.039,592,11.4,207
515,"[1215,1]",3.63,0.33,2.3,0.04,0.01,0.09,0.04,0.22,0.038,542,12.8,187
516,"[1215,2]",3.67,0.34,2.29,0.04,0.01,0.09,0.04,0.22,0.032,542,12.8,187
517,"[1216,1]",3.58,0.33,2.2,0.04,0.01,0.06,0.03,0.22,0.044,834,7.1,285
518,"[1216,2]",3.57,0.34,2.28,0.04,0.01,0.06,0.03,0.23,0.04,834,7.1,285
519,"[1217,1]",3.6,0.33,2.27,0.04,0.01,0.06,0.03,0.2,0.036,573,12.1,197
520,"[1217,2]",3.58,0.34,2.3,0.04,0.01,0.06,0.03,0.2,0.039,573,12.1,197
521,"[1218,1]",3.63,0.28,2.18,0.04,0.01,0.05,0.02,0.19,0.037,580,12.8,201
522,"[1218,2]",3.68,0.3,2.25,0.04,0.01,0.05,0.02,0.2,0.036,580,12.8,201
523,"[1220,1]",3.66,0.28,2.27,0.04,0.01,0.06,0.03,0.23,0.038,592,12.1,207
524,"[1220,2]",3.61,0.3,2.34,0.04,0.01,0.06,0.04,0.24,0.034,592,12.1,207
525,"[1221,1]",3.8,0.18,2.4,0.05,0.01,0.03,0.02,0.11,0.035,484,17.1,179
526,"[1221,2]",3.79,0.17,2.46,0.05,0.01,0.03,0.02,0.11,0.033,484,17.1,179
527,"[1222,1]",3.78,0.19,2.46,0.05,0.01,0.04,0.02,0.15,0.03,484,18.6,170
528,"[1222,2]",3.78,0.18,2.48,0.05,0.01,0.04,0.02,0.15,0.031,484,18.6,170
529,"[1223,1]",3.64,0.31,2.37,0.04,0.01,0.05,0.03,0.21,0.044,593,11.4,217
530,"[1223,2]",3.64,0.31,2.34,0.04,0.01,0.05,0.03,0.2,0.041,593,11.4,217
531,"[1224,1]",3.6,0.35,2.35,0.04,0.01,0.09,0.05,0.21,0.047,552,15.7,197
532,"[1224,2]",3.55,0.35,2.38,0.04,0.01,0.08,0.05,0.21,0.043,552,15.7,197
533,"[1225,1]",3.64,0.29,2.12,0.05,0.01,0.07,0.04,0.65,0.048,723,7.1,262
534,"[1225,2]",3.65,0.29,2.1,0.05,0.01,0.07,0.04,0.65,0.047,723,7.1,262
535,"[1226,1]",3.62,0.28,2.25,0.04,0.02,0.06,0.04,0.53,0.048,650,8.6,223
536,"[1226,2]",3.64,0.29,2.25,0.04,0.02,0.06,0.04,0.52,0.041,650,8.6,223
537,"[1227,1]",3.69,0.23,2.37,0.05,0.01,0.05,0.03,0.46,0.054,650,11.4,235
538,"[1228,1]",3.57,0.25,2.1,0.04,0.01,0.05,0.03,0.44,0.053,668,10.7,229
539,"[1228,2]",3.63,0.25,2.09,0.04,0.02,0.05,0.03,0.44,0.05,668,10.7,229
540,"[1229,1]",3.78,0.16,2.65,0.05,0.02,0.03,0.02,0.07,0.046,455,22.8,163
541,"[1229,2]",3.64,0.16,2.67,0.05,0.02,0.03,0.02,0.07,0.044,455,22.8,163
542,"[1230,1]",3.84,0.18,2.65,0.05,0.02,0.03,0.02,0.09,0.036,452,22.1,156
543,"[1231,1]",3.75,0.18,2.59,0.04,0.01,0.04,0.02,0.14,0.037,462,21.4,159
544,"[1231,2]",3.76,0.18,2.46,0.04,0.01,0.04,0.02,0.13,0.031,462,21.4,159
545,"[1232,1]",3.76,0.18,2.55,0.04,0.01,0.04,0.02,0.17,0.032,459,20.7,156
546,"[1232,2]",3.79,0.18,2.56,0.04,0.01,0.04,0.02,0.17,0.034,459,20.7,156
547,"[1233,1]",3.75,0.16,2.57,0.04,0.01,0.03,0.02,0.13,0.039,436,23.6,156
548,"[1233,2]",3.75,0.17,2.55,0.05,0.01,0.04,0.02,0.13,0.033,436,23.6,156
549,"[1234,1]",3.84,0.15,2.41,0.04,0.01,0.03,0.02,0.1,0.046,433,22.8,156
550,"[1235,1]",3.84,0.14,2.54,0.05,0.01,0.03,0.01,0.08,0.04,459,25,167
551,"[1235,2]",3.86,0.14,2.53,0.05,0.01,0.03,0.01,0.08,0.039,459,25,167
552,"[1236,1]",3.7,0.14,2.46,0.05,0.01,0.03,0.01,0.06,0.039,459,25,163
553,"[1236,2]",3.8,0.15,2.52,0.05,0.01,0.03,0.01,0.07,0.038,459,25,163
554,"[1237,1]",3.74,0.13,2.5,0.05,0.01,0.03,0.01,0.07,0.04,459,25,163
555,"[1237,2]",3.76,0.14,2.59,0.05,0.01,0.03,0.01,0.07,0.039,459,25,163
556,"[1238,1]",3.8,0.12,2.54,0.05,0.01,0.02,0.01,0.05,0.04,446,25,163
557,"[1238,2]",3.84,0.12,2.57,0.05,0.01,0.02,0.01,0.06,0.037,446,25,163
558,"[1239,1]",3.84,0.17,2.45,0.05,0.01,0.06,0.04,0.08,0.036,484,22.1,167
559,"[1239,2]",3.86,0.17,2.48,0.05,0.01,0.06,0.04,0.08,0.032,484,22.1,167
560,"[1240,1]",3.64,0.27,2.29,0.04,0.01,0.05,0.03,0.19,0.045,662,10.7,229
561,"[1240,2]",3.74,0.28,2.34,0.04,0.01,0.05,0.03,0.2,0.036,662,10.7,229
562,"[1241,1]",3.65,0.33,2.34,0.04,0.01,0.06,0.03,0.24,0.037,796,7.1,269
563,"[1241,2]",3.69,0.32,2.35,0.04,0.01,0.06,0.03,0.23,0.038,796,7.1,269
564,"[1242,1]",3.71,0.32,2.36,0.04,0.01,0.06,0.03,0.2,0.033,777,7.1,269
565,"[1242,2]",3.7,0.32,2.35,0.04,0.01,0.06,0.03,0.2,0.03,777,7.1,269
566,"[1242,3]",3.7,0.33,2.34,0.04,0.01,0.06,0.03,0.21,0.039,777,7.1,269
567,"[1243,1]",3.67,0.3,2.3,0.04,0.01,0.06,0.03,0.22,0.049,688,10,223
568,"[1244,1]",3.65,0.34,2.21,0.04,0.01,0.06,0.03,0.21,0.047,828,7.1,277
569,"[1244,2]",3.65,0.34,2.24,0.04,0.01,0.06,0.03,0.21,0.045,828,7.1,277
570,"[1245,1]",3.54,0.28,2.2,0.04,0.01,0.05,0.03,0.21,0.046,758,7.1,262
571,"[1246,1]",3.65,0.33,2.23,0.04,0.01,0.05,0.03,0.21,0.047,605,12.1,262
572,"[1246,2]",3.66,0.33,2.28,0.04,0.01,0.05,0.03,0.21,0.04,605,12.1,212
573,"[1247,1]",3.69,0.34,2.28,0.04,0.01,0.05,0.03,0.15,0.035,573,12.8,192
574,"[1247,2]",3.72,0.35,2.3,0.04,0.01,0.05,0.03,0.15,0.032,573,12.8,192
575,"[1248,1]",3.75,0.11,2.47,0.05,0.01,0.03,0.02,0.08,0.034,427,23.6,152
576,"[1248,2]",3.73,0.12,2.46,0.05,0.01,0.03,0.02,0.08,0.029,427,23.6,152
577,"[1249,1]",3.79,0.14,2.6,0.04,0.01,0.03,0.01,0.06,0.025,439,24.3,163
578,"[1249,2]",3.79,0.14,2.54,0.04,0.01,0.03,0.01,0.06,0.024,439,24.3,163
579,"[1249,3]",3.78,0.14,2.7,0.04,0.01,0.03,0.01,0.06,0.036,439,24.3,163
580,"[1250,1]",3.8,0.15,2.65,0.05,0.01,0.03,0.01,0.06,0.039,436,24.3,159
581,"[1250,2]",3.75,0.15,2.61,0.05,0.01,0.03,0.01,0.06,0.039,436,24.3,159
582,"[1250,3]",3.85,0.17,2.45,0.05,0.01,0.03,0.01,0.06,0.035,436,24.3,159
583,"[1251,1]",3.72,0.14,2.74,0.05,0.01,0.03,0.02,0.08,0.036,433,20,156
584,"[1251,2]",3.71,0.14,2.75,0.05,0.01,0.03,0.02,0.08,0.035,433,20,156
585,"[1252,1]",3.69,0.32,2.4,0.05,0.02,0.06,0.03,0.22,0.055,555,12.8,192
586,"[1252,2]",3.67,0.32,2.45,0.05,0.01,0.06,0.03,0.22,0.048,555,12.8,192
587,"[1253,1]",3.55,0.32,2.18,0.05,0.01,0.05,0.05,0.21,0.043,668,11.4,229
588,"[1253,2]",3.57,0.32,2.2,0.05,0.01,0.05,0.05,0.21,0.041,668,11.4,229
589,"[1254,1]",3.8,0.17,2.47,0.05,0.01,0.03,0.02,0.07,0.031,523,16.4,179
590,"[1254,2]",3.82,0.16,2.46,0.05,0.01,0.03,0.02,0.07,0.031,523,16.4,179
591,"[1255,1]",3.84,0.17,2.54,0.06,0.01,0.04,0.02,0.08,0.036,459,17.1,163
592,"[1255,2]",3.8,0.17,2.61,0.05,0.01,0.04,0.02,0.09,0.034,459,17.1,163
593,"[1256,1]",3.8,0.13,2.49,0.05,0.01,0.03,0.01,0.06,0.034,462,21.4,163
594,"[1256,2]",3.75,0.13,2.45,0.05,0.01,0.03,0.01,0.06,0.027,462,21.4,163
595,"[1257,1]",3.58,0.34,2.22,0.04,0.01,0.05,0.03,0.21,0.047,573,14.3,192
596,"[1257,2]",3.66,0.34,2.18,0.04,0.01,0.05,0.02,0.21,0.047,573,14.3,192
597,"[1258,1]",3.63,0.35,2.12,0.04,0.01,0.05,0.02,0.17,0.038,586,15,229
598,"[1258,2]",3.69,0.36,2.2,0.04,0.01,0.05,0.02,0.18,0.043,586,15,229
599,"[1259,1]",3.78,0.2,2.4,0.05,0.01,0.04,0.01,0.08,0.03,465,17.6,179
600,"[1259,2]",3.81,0.2,2.44,0.05,0.01,0.04,0.01,0.08,0.033,465,17.6,179
601,"[1260,1]",3.77,0.2,2.5,0.05,0.01,0.04,0.02,0.11,0.035,497,20,179
602,"[1260,2]",3.83,0.22,2.5,0.05,0.01,0.04,0.02,0.11,0.035,497,20,179
603,"[1261,1]",3.66,0.33,2.03,0.05,0.01,0.05,0.02,0.23,0.036,599,12.1,229
604,"[1261,2]",3.67,0.33,2.01,0.05,0.01,0.05,0.02,0.22,0.04,599,12.1,229
605,"[1262,1]",3.59,0.33,2.23,0.04,0.01,0.05,0.02,0.23,0.038,624,14.3,229
606,"[1262,2]",3.68,0.32,2.21,0.05,0.01,0.05,0.02,0.23,0.045,624,14.3,229
607,"[1263,1]",3.67,0.29,2.29,0.04,0.01,0.07,0.04,0.24,0.043,641,14.3,212
608,"[1263,2]",3.67,0.29,2.3,0.04,0.01,0.07,0.04,0.24,0.04,641,14.3,212
609,"[1264,1]",3.67,0.32,2.25,0.04,0.01,0.07,0.04,0.22,0.035,596,12.1,197
610,"[1264,2]",3.6,0.32,2.21,0.04,0.01,0.07,0.04,0.21,0.03,596,12.1,197
611,"[1265,1]",3.55,0.31,2.09,0.04,0.01,0.07,0.05,0.22,0.041,611,11.4,229
612,"[1265,2]",3.63,0.31,2.07,0.04,0.01,0.07,0.05,0.22,0.04,611,11.4,229
613,"[1266,1]",3.69,0.31,2.34,0.04,0.01,0.07,0.04,0.19,0.041,548,14.3,187
614,"[1266,2]",3.68,0.31,2.36,0.04,0.01,0.07,0.04,0.2,0.043,548,14.3,187
615,"[1267,1]",3.63,0.3,2.26,0.04,0.01,0.08,0.05,0.23,0.041,656,12.8,217
616,"[1267,2]",3.64,0.3,2.24,0.04,0.01,0.08,0.05,0.21,0.04,656,12.8,217
617,"[1268,1]",3.62,0.34,2.18,0.04,0.01,0.08,0.04,0.18,0.035,568,12.8,192
618,"[1269,1]",3.78,0.17,2.43,0.04,0.01,0.04,0.02,0.09,0.04,497,24.3,156
619,"[1270,1]",3.69,0.18,2.46,0.04,0.01,0.04,0.02,0.08,0.037,439,22.6,156
620,"[1270,2]",3.69,0.18,2.57,0.04,0.01,0.04,0.03,0.08,0.039,439,22.6,156
621,"[1271,1]",3.65,0.14,2.57,0.04,0.01,0.03,0.02,0.07,0.038,446,24.3,159
622,"[1271,2]",3.67,0.14,2.5,0.04,0.01,0.03,0.01,0.06,0.034,446,24.3,159
623,"[1272,1]",3.74,0.14,2.51,0.05,0.01,0.04,0.02,0.08,0.031,439,20,163
624,"[1272,2]",3.71,0.14,2.49,0.05,0.01,0.04,0.02,0.08,0.031,439,20,163
625,"[1273,1]",3.8,0.14,2.46,0.05,0.01,0.03,0.01,0.06,0.036,446,22.8,156
626,"[1274,1]",3.8,0.15,2.53,0.04,0.01,0.03,0.02,0.07,0.042,455,21.4,156
627,"[1274,2]",3.81,0.15,2.56,0.04,0.01,0.03,0.02,0.07,0.04,455,21.4,156
628,"[1275,1]",3.81,0.14,2.25,0.05,0.01,0.03,0.01,0.07,0.038,455,21.4,156
629,"[1275,2]",3.85,0.14,2.2,0.05,0.01,0.03,0.01,0.07,0.036,455,21.4,156
630,"[1276,1]",3.88,0.14,2.4,0.05,0.01,0.03,0.02,0.07,0.033,457,21.4,159
631,"[1276,2]",3.87,0.14,2.35,0.04,0.01,0.03,0.02,0.07,0.032,457,21.4,159
632,"[1277,1]",3.85,0.18,2.4,0.05,0.01,0.04,0.02,0.07,0.037,491,17.6,156
633,"[1277,2]",3.9,0.18,2.44,0.05,0.01,0.04,0.02,0.07,0.035,491,17.6,156
634,"[1278,1]",3.8,0.14,2.48,0.05,0.01,0.03,0.02,0.06,0.039,452,20,156
635,"[1278,2]",3.82,0.15,2.47,0.05,0.01,0.03,0.02,0.06,0.034,452,20,156
636,"[1280,1]",3.78,0.15,2.45,0.05,0.01,0.03,0.02,0.06,0.035,459,20,156
637,"[1280,2]",3.74,0.15,2.55,0.05,0.01,0.03,0.02,0.07,0.033,459,20,156
638,"[1281,1]",3.75,0.18,2.55,0.05,0.01,0.04,0.02,0.08,0.04,459,20,156
639,"[1281,2]",3.63,0.18,2.54,0.06,0.01,0.04,0.02,0.08,0.038,459,20,156
640,"[1282,1]",3.87,0.14,2.54,0.05,0.01,0.03,0.02,0.06,0.036,484,20,170
641,"[1282,2]",3.85,0.14,2.53,0.05,0.01,0.03,0.02,0.06,0.029,484,20,170
642,"[1283,1]",3.76,0.12,2.38,0.04,0.01,0.03,0.01,0.05,0.032,465,20,156
643,"[1283,2]",3.79,0.12,2.39,0.04,0.01,0.03,0.01,0.05,0.035,465,20,156
644,"[1284,1]",3.66,0.34,2.38,0.04,0.01,0.05,0.04,0.08,0.043,558,15.7,192
645,"[1284,2]",3.68,0.35,2.4,0.04,0.01,0.05,0.04,0.09,0.044,558,15.7,192
646,"[1285,1]",3.8,0.17,2.49,0.05,0.01,0.04,0.03,0.08,0.039,465,20,163
647,"[1286,1]",3.8,0.13,2.5,0.05,0.01,0.03,0.02,0.06,0.04,439,19.3,156
648,"[1286,2]",3.86,0.13,2.44,0.05,0.01,0.03,0.02,0.06,0.039,439,19.3,156
649,"[1287,1]",3.74,0.16,2.43,0.05,0.01,0.03,0.02,0.08,0.038,446,22.8,159
650,"[1287,2]",3.75,0.16,2.46,0.04,0.01,0.04,0.02,0.08,0.037,446,22.8,159
651,"[1288,1]",3.7,0.14,2.47,0.05,0.01,0.03,0.02,0.06,0.03,484,17.1,163
652,"[1288,2]",3.77,0.14,2.51,0.05,0.01,0.03,0.02,0.06,0.034,484,17.1,163
653,"[1289,1]",3.69,0.36,2.41,0.04,0.01,0.05,0.03,0.11,0.043,586,12.8,217
654,"[1289,2]",3.7,0.35,2.31,0.04,0.01,0.05,0.03,0.11,0.038,586,12.8,217
655,"[1290,1]",3.68,0.27,2.21,0.04,0.01,0.06,0.04,0.55,0.049,624,8.6,255
656,"[1290,2]",3.68,0.28,2.21,0.04,0.01,0.06,0.04,0.56,0.044,624,8.6,255
657,"[1291,1]",3.68,0.36,2.21,0.05,0.02,0.06,0.03,0.16,0.05,605,10.7,217
658,"[1291,2]",3.68,0.37,2.25,0.05,0.01,0.06,0.03,0.16,0.048,605,10.7,217
659,"[1292,1]",3.54,0.35,2.18,0.04,0.01,0.06,0.04,0.19,0.05,618,11.4,223
660,"[1292,2]",3.56,0.36,2.19,0.04,0.01,0.06,0.04,0.19,0.042,618,11.4,223
661,"[1293,1]",3.66,0.35,2.33,0.04,0.01,0.08,0.06,0.18,0.041,618,11.4,212
662,"[1293,2]",3.66,0.35,2.29,0.04,0.01,0.08,0.06,0.18,0.04,618,11.4,212
663,"[1294,1]",3.68,0.35,2.21,0.04,0.01,0.07,0.05,0.14,0.048,605,12.1,217
664,"[1294,2]",3.72,0.35,2.18,0.04,0.01,0.07,0.05,0.14,0.05,605,12.1,217
665,"[1295,1]",3.59,0.36,2.35,0.04,0.01,0.09,0.06,0.15,0.054,590,12.1,212
666,"[1295,2]",3.61,0.36,2.31,0.04,0.01,0.09,0.06,0.15,0.045,590,12.1,212
667,"[1296,1]",3.61,0.37,2.19,0.04,0.01,0.1,0.07,0.16,0.04,611,12.1,217
668,"[1296,2]",3.65,0.37,2.18,0.04,0.01,0.1,0.07,0.16,0.04,611,12.1,217
669,"[1298,1]",3.6,0.26,2.03,0.04,0.01,0.08,0.05,0.67,0.05,621,7.1,255
670,"[1298,2]",3.67,0.27,2.08,0.04,0.01,0.08,0.05,0.69,0.053,621,7.1,255
671,"[1299,1]",3.67,0.26,2.24,0.04,0.01,0.07,0.05,0.49,0.045,627,7.9,248
672,"[1299,2]",3.62,0.26,2.15,0.04,0.01,0.07,0.05,0.48,0.045,627,7.9,248
673,"[1300,1]",3.68,0.37,2.34,0.04,0.01,0.1,0.07,0.14,0.043,562,14.3,201
674,"[1300,2]",3.65,0.36,2.31,0.04,0.01,0.1,0.07,0.14,0.043,562,14.3,201
675,"[1301,1]",3.68,0.34,2.21,0.04,0.01,0.07,0.05,0.14,0.042,552,14.3,201
676,"[1301,2]",3.7,0.34,2.28,0.04,0.01,0.07,0.05,0.15,0.042,552,14.3,201
677,"[1302,1]",3.72,0.33,2.19,0.04,0.02,0.05,0.04,0.11,0.038,542,13.6,197
678,"[1302,2]",3.67,0.33,2.18,0.04,0.02,0.05,0.04,0.11,0.044,542,13.6,197
679,"[1303,1]",3.68,0.36,2.2,0.04,0.02,0.08,0.05,0.19,0.042,592,10.7,192
680,"[1303,2]",3.74,0.34,2.09,0.04,0.02,0.08,0.05,0.18,0.042,592,10.7,192
681,"[1304,1]",3.82,0.17,2.2,0.04,0.01,0.05,0.03,0.08,0.035,471,19.3,167
682,"[1304,2]",3.77,0.17,2.16,0.04,0.01,0.05,0.04,0.08,0.031,471,19.3,167
683,"[1305,1]",3.71,0.17,2.4,0.04,0.01,0.04,0.02,0.08,0.037,452,22.8,156
684,"[1306,1]",3.76,0.13,2.6,0.05,0.01,0.03,0.02,0.05,0.042,439,25,156
685,"[1306,2]",3.78,0.13,2.54,0.05,0.01,0.03,0.02,0.05,0.041,439,25,156
686,"[1307,1]",3.7,0.13,2.53,0.05,0.01,0.03,0.02,0.05,0.04,427,23.8,156
687,"[1308,1]",3.79,0.12,2.53,0.05,0.01,0.03,0.01,0.05,0.037,452,24.3,163
688,"[1308,2]",3.78,0.11,2.51,0.05,0.01,0.03,0.01,0.05,0.037,452,24.3,163
689,"[1309,1]",3.82,0.26,2.63,0.04,0.01,0.04,0.03,0.08,0.037,471,22.1,163
690,"[1309,2]",3.77,0.26,2.56,0.04,0.01,0.04,0.02,0.08,0.035,471,22.1,163
691,"[1310,1]",3.84,0.16,2.57,0.05,0.01,0.03,0.02,0.07,0.033,468,22.1,167
692,"[1310,2]",3.8,0.16,2.53,0.05,0.01,0.03,0.01,0.06,0.031,468,22.1,167
693,"[1311,1]",3.79,0.17,2.74,0.05,0.01,0.04,0.02,0.1,0.033,455,22.8,163
694,"[1311,2]",3.79,0.17,2.73,0.05,0.01,0.04,0.02,0.1,0.034,455,22.8,163
695,"[1312,1]",3.9,0.12,2.15,0.04,0.01,0.03,0.01,0.05,0.037,459,21.4,163
696,"[1312,2]",3.85,0.12,2.2,0.04,0.01,0.03,0.01,0.06,0.035,459,21.4,163
697,"[1313,1]",3.58,0.27,2.33,0.04,0.02,0.08,0.07,0.36,0.05,637,7.9,248
698,"[1313,2]",3.6,0.26,2.2,0.04,0.02,0.08,0.06,0.33,0.045,637,7.9,248
699,"[1314,1]",3.86,0.11,2.58,0.05,0.01,0.02,0.01,0.05,0.037,433,20,156
700,"[1314,2]",3.84,0.11,2.51,0.05,0.01,0.02,0.01,0.05,0.037,433,20,156
701,"[1315,1]",3.84,0.16,2.6,0.05,0.01,0.04,0.02,0.09,0.032,478,19.3,163
702,"[1315,2]",3.82,0.16,2.65,0.05,0.01,0.04,0.02,0.09,0.03,478,19.3,163
703,"[1316,1]",3.83,0.15,2.58,0.04,0.01,0.04,0.03,0.08,0.031,446,17.9,156
704,"[1316,2]",3.82,0.15,2.62,0.04,0.01,0.04,0.03,0.09,0.03,446,17.9,156
705,"[1317,1]",3.79,0.19,2.5,0.05,0.01,0.05,0.04,0.11,0.035,452,17.9,156
706,"[1318,1]",3.77,0.18,2.45,0.04,0.01,0.05,0.04,0.11,0.033,448,24.3,156
707,"[1318,2]",3.82,0.18,2.51,0.04,0.01,0.05,0.04,0.12,0.032,448,24.3,156
708,"[1319,1]",3.62,0.32,2.35,0.04,0.01,0.06,0.03,0.21,0.034,586,12.8,217
709,"[1319,2]",3.62,0.32,2.32,0.04,0.01,0.05,0.03,0.2,0.037,586,12.8,217
710,"[1320,1]",3.63,0.37,2.33,0.04,0.01,0.08,0.04,0.14,0.04,632,10.7,217
711,"[1320,2]",3.57,0.37,2.38,0.04,0.01,0.08,0.04,0.14,0.047,632,10.7,217
712,"[1321,1]",3.61,0.35,2.19,0.04,0.01,0.07,0.06,0.19,0.044,573,11.4,217
713,"[1321,2]",3.61,0.35,2.26,0.04,0.01,0.07,0.06,0.19,0.041,573,11.4,217
714,"[1322,1]",3.64,0.36,2.2,0.04,0.01,0.11,0.06,0.11,0.044,624,15.7,197
715,"[1322,2]",3.64,0.37,2.24,0.04,0.01,0.11,0.06,0.11,0.046,624,15.7,197
716,"[1323,1]",3.6,0.35,2.2,0.04,0.01,0.1,0.05,0.11,0.042,618,12.8,223
717,"[1323,2]",3.6,0.35,2.25,0.04,0.01,0.1,0.05,0.11,0.041,618,12.8,223
718,"[1324,1]",3.63,0.36,2.4,0.05,0.01,0.09,0.05,0.13,0.039,562,12.8,197
719,"[1324,2]",3.67,0.36,2.39,0.05,0.01,0.09,0.05,0.14,0.037,562,12.8,197
720,"[1325,1]",3.69,0.37,2.34,0.04,0.01,0.1,0.06,0.14,0.035,555,15,201
721,"[1325,2]",3.63,0.36,2.32,0.04,0.01,0.1,0.06,0.13,0.031,555,15,201
722,"[1326,1]",3.64,0.37,2.32,0.04,0.01,0.07,0.05,0.11,0.043,555,15,197
723,"[1326,2]",3.65,0.36,2.26,0.04,0.01,0.07,0.05,0.11,0.045,555,15,197
724,"[1327,1]",3.61,0.33,2.29,0.04,0.01,0.1,0.06,0.11,0.042,562,14.3,201
725,"[1327,2]",3.62,0.33,2.23,0.04,0.01,0.1,0.06,0.11,0.042,562,14.3,201
726,"[1328,1]",3.87,0.16,2.38,0.05,0.01,0.04,0.02,0.06,0.035,459,18.6,159
727,"[1328,2]",3.83,0.16,2.38,0.05,0.01,0.04,0.02,0.06,0.037,459,18.6,159
728,"[1329,1]",3.73,0.15,2.44,0.04,0.01,0.04,0.03,0.08,0.026,478,20,163
729,"[1330,1]",3.7,0.17,2.58,0.05,0.01,0.05,0.03,0.08,0.035,471,22.1,163
730,"[1330,2]",3.73,0.17,2.6,0.05,0.01,0.05,0.03,0.08,0.036,471,22.1,163
731,"[1331,1]",3.67,0.3,2.25,0.04,0.01,0.07,0.05,0.52,0.051,777,7.1,255
732,"[1331,2]",3.69,0.3,2.2,0.04,0.01,0.07,0.05,0.5,0.055,777,7.1,255
733,"[1333,1]",3.72,0.29,2.37,0.05,0.01,0.07,0.04,0.55,0.045,707,7.1,241
734,"[1333,2]",3.72,0.29,2.4,0.04,0.01,0.07,0.04,0.54,0.046,707,7.1,241
735,"[1334,1]",3.84,0.14,2.5,0.05,0.01,0.04,0.02,0.07,0.032,484,17.1,163
736,"[1334,2]",3.84,0.14,2.5,0.05,0.01,0.04,0.02,0.07,0.031,484,17.1,163
737,"[1335,1]",3.8,0.12,2.69,0.05,0.01,0.04,0.02,0.07,0.039,459,21.4,163
738,"[1335,2]",3.75,0.12,2.69,0.05,0.01,0.04,0.02,0.07,0.035,459,21.4,163
739,"[1336,1]",3.74,0.11,2.5,0.06,0.01,0.04,0.02,0.06,0.034,465,21.4,167
740,"[1336,2]",3.76,0.12,2.49,0.05,0.01,0.04,0.02,0.06,0.04,465,21.4,167
741,"[1337,1]",3.85,0.11,2.56,0.05,0.01,0.03,0.02,0.06,0.038,439,22.8,163
742,"[1337,2]",3.83,0.11,2.6,0.05,0.01,0.04,0.02,0.07,0.04,439,22.8,163
743,"[1338,1]",3.7,0.11,2.68,0.05,0.01,0.03,0.02,0.06,0.036,459,22.8,163
744,"[1339,1]",3.79,0.12,2.69,0.05,0.01,0.03,0.02,0.06,0.036,433,22.8,156
745,"[1339,2]",3.75,0.12,2.73,0.05,0.01,0.03,0.02,0.07,0.037,433,22.8,156
746,"[1340,1]",3.8,0.13,2.56,0.05,0.01,0.04,0.03,0.06,0.03,446,20,163
747,"[1340,2]",3.79,0.13,2.61,0.05,0.01,0.04,0.03,0.06,0.03,446,20,163
748,"[1341,1]",3.76,0.1,2.53,0.01,0.021,0.04,0.02,0.04,0.035,433,23.5,156
749,"[1341,2]",3.76,0.1,2.53,0.01,0.021,0.04,0.02,0.04,0.036,433,23.5,156
750,"[1342,1]",3.75,0.09,2.62,0.05,0.01,0.03,0.02,0.03,0.046,433,22.1,153
751,"[1342,2]",3.74,0.09,2.6,0.05,0.01,0.02,0.01,0.03,0.044,433,22.1,153
752,"[1344,1]",3.5,0.31,2.44,0.06,0.01,0.06,0.04,0.43,0.046,562,14.3,201
753,"[1344,2]",3.59,0.32,2.49,0.06,0.01,0.06,0.04,0.43,0.049,562,14.3,201
754,"[1345,1]",3.68,0.33,2.19,0.06,0.01,0.04,0.03,0.16,0.046,586,15.7,201
755,"[1345,2]",3.7,0.34,2.18,0.06,0.01,0.04,0.03,0.16,0.048,586,15.7,201
756,"[1346,1]",3.54,0.35,2.34,0.04,0.01,0.11,0.04,0.12,0.043,568,13.9,207
757,"[1346,2]",3.57,0.36,2.36,0.04,0.01,0.11,0.04,0.13,0.04,568,13.9,207
758,"[1347,1]",3.61,0.25,2.16,0.04,0.01,0.12,0.04,0.15,0.042,637,10.7,223
759,"[1347,2]",3.64,0.25,2.2,0.04,0.01,0.12,0.04,0.15,0.039,637,10.7,223
760,"[1348,1]",3.7,0.11,2.74,0.05,0.01,0.03,0.02,0.05,0.03,455,21.4,163
761,"[1348,2]",3.67,0.11,2.76,0.05,0.01,0.03,0.02,0.05,0.029,455,21.4,163
762,"[1349,1]",3.79,0.19,2.51,0.05,0.01,0.05,0.02,0.08,0.039,452,20.7,159
763,"[1349,2]",3.81,0.2,2.48,0.05,0.01,0.05,0.02,0.08,0.041,452,20.7,159
764,"[1350,1]",3.77,0.16,2.51,0.05,0.01,0.05,0.02,0.09,0.03,452,15,163
765,"[1350,2]",3.8,0.16,2.54,0.05,0.02,0.05,0.02,0.09,0.037,452,15,163
766,"[1351,1]",3.8,0.13,2.65,0.05,0.01,0.03,0.02,0.06,0.034,446,20,163
767,"[1352,1]",3.79,0.15,2.51,0.05,0.01,0.05,0.03,0.09,0.046,446,19.3,163
768,"[1352,2]",3.71,0.15,2.47,0.05,0.01,0.05,0.03,0.09,0.039,446,19.3,163
769,"[1353,1]",3.75,0.15,2.55,0.05,0.01,0.04,0.02,0.07,0.033,471,20,174
770,"[1353,2]",3.72,0.15,2.48,0.05,0.01,0.04,0.02,0.07,0.035,471,20,174
771,"[1354,1]",3.6,0.37,2.5,0.04,0.01,0.09,0.05,0.1,0.033,510,15.7,183
772,"[1354,2]",3.67,0.37,2.52,0.05,0.01,0.09,0.05,0.1,0.04,510,15.7,183
773,"[1355,1]",3.88,0.14,2.47,0.05,0.01,0.04,0.02,0.06,0.036,478,17.6,159
774,"[1355,2]",3.85,0.14,2.5,0.05,0.01,0.04,0.02,0.06,0.034,478,17.6,159
775,"[1356,1]",3.66,0.26,2.38,0.04,0.01,0.07,0.05,0.45,0.041,637,8.6,229
776,"[1356,2]",3.72,0.26,2.3,0.05,0.01,0.07,0.05,0.42,0.045,637,8.6,229
777,"[1357,1]",3.81,0.13,2.45,0.06,0.01,0.04,0.02,0.08,0.032,465,17.6,163
778,"[1357,2]",3.82,0.13,2.47,0.06,0.01,0.04,0.02,0.08,0.032,465,17.6,163
779,"[1358,1]",3.63,0.37,2.38,0.05,0.01,0.06,0.03,0.19,0.04,573,11.1,197
780,"[1358,2]",3.69,0.37,2.34,0.05,0.01,0.06,0.03,0.18,0.041,573,11.1,197
781,"[1359,1]",3.67,0.39,2.42,0.05,0.01,0.06,0.03,0.13,0.035,548,11.4,187
782,"[1359,2]",3.66,0.38,2.4,0.05,0.01,0.06,0.03,0.13,0.04,548,11.4,187
783,"[1360,1]",3.64,0.35,2.46,0.05,0.01,0.06,0.03,0.11,0.034,548,11.4,187
784,"[1360,2]",3.6,0.35,2.45,0.05,0.01,0.06,0.03,0.11,0.035,548,11.4,187
785,"[1361,1]",3.81,0.13,2.63,0.05,0.01,0.03,0.01,0.05,0.032,439,20.7,163
786,"[1361,2]",3.8,0.13,2.63,0.05,0.01,0.03,0.01,0.05,0.035,439,20.7,163
787,"[1362,1]",3.87,0.15,2.4,0.05,0.01,0.04,0.02,0.08,0.03,500,20.7,170
788,"[1362,2]",3.87,0.15,2.45,0.05,0.01,0.04,0.03,0.09,0.033,500,20.7,170
789,"[1363,1]",3.64,0.28,2.33,0.05,0.01,0.1,0.04,0.36,0.044,637,7.9,229
790,"[1363,2]",3.74,0.28,2.38,0.05,0.01,0.1,0.04,0.36,0.049,637,7.9,229
791,"[1364,1]",3.65,0.27,2.23,0.05,0.01,0.11,0.06,0.38,0.049,707,7.1,255
792,"[1364,2]",3.74,0.27,2.24,0.05,0.01,0.11,0.06,0.38,0.048,707,7.1,255
793,"[1365,1]",3.63,0.27,2.24,0.049,0.013,0.11,0.06,0.38,0.045,682,7.1,255
794,"[1365,2]",3.59,0.28,2.22,0.05,0.01,0.11,0.07,0.38,0.042,682,7.1,255
795,"[1366,1]",3.63,0.27,2.23,0.05,0.012,0.11,0.06,0.37,0.046,720,7.1,248
796,"[1366,2]",3.6,0.27,2.24,0.05,0.01,0.11,0.06,0.38,0.05,720,7.1,248
797,"[1367,1]",3.61,0.27,2.27,0.051,0.013,0.09,0.06,0.38,0.037,605,7.9,241
798,"[1367,2]",3.53,0.27,2.18,0.05,0.01,0.09,0.05,0.38,0.033,605,7.9,241
799,"[1368,1]",3.55,0.27,2.26,0.049,0.012,0.09,0.06,0.39,0.042,668,7.1,241
800,"[1368,2]",3.55,0.27,2.22,0.05,0.01,0.09,0.06,0.39,0.035,668,7.1,241
801,"[1369,1]",3.66,0.27,2.3,0.05,0.01,0.06,0.04,0.43,0.048,688,7.1,241
802,"[1369,2]",3.67,0.27,2.26,0.05,0.01,0.06,0.04,0.42,0.046,688,7.1,241
803,"[1370,1]",3.52,0.27,2.36,0.05,0.01,0.06,0.04,0.63,0.034,701,7.1,241
804,"[1370,2]",3.58,0.27,2.34,0.05,0.01,0.05,0.04,0.62,0.038,701,7.1,241
805,"[1371,1]",3.61,0.29,2.18,0.05,0.02,0.07,0.05,0.62,0.046,701,7.1,235
806,"[1371,2]",3.61,0.29,2.16,0.05,0.02,0.07,0.05,0.62,0.048,701,7.1,235
807,"[1372,1]",3.65,0.37,2.25,0.05,0.02,0.1,0.07,0.18,0.038,565,12.8,197
808,"[1372,2]",3.68,0.37,2.3,0.05,0.02,0.1,0.07,0.18,0.04,565,12.8,197
809,"[1373,1]",3.58,0.39,2.28,0.05,0.02,0.12,0.07,0.17,0.027,505,7.1,187
810,"[1373,2]",3.65,0.4,2.32,0.05,0.02,0.12,0.07,0.17,0.027,505,7.1,187
811,"[1374,1]",3.57,0.36,2.25,0.05,0.01,0.06,0.04,0.09,0.042,701,7.1,262
812,"[1374,2]",3.6,0.36,2.3,0.05,0.01,0.06,0.04,0.09,0.045,701,7.1,262
813,"[1375,1]",3.72,0.28,2.41,0.05,0.01,0.08,0.05,0.35,0.04,643,8.6,217
814,"[1375,2]",3.72,0.29,2.45,0.05,0.01,0.08,0.05,0.36,0.046,643,8.6,217
815,"[1376,1]",3.83,0.14,2.58,0.05,0.01,0.03,0.02,0.08,0.035,512,18,156
816,"[1376,2]",3.81,0.14,2.59,0.05,0.01,0.03,0.02,0.08,0.035,512,18,156
817,"[1377,1]",3.85,0.14,2.54,0.05,0.01,0.03,0.01,0.05,0.038,459,21.7,163
818,"[1379,1]",3.79,0.14,2.45,0.07,0.01,0.04,0.02,0.06,0.026,478,17.1,163
819,"[1379,2]",3.78,0.14,2.41,0.07,0.01,0.04,0.02,0.06,0.027,478,17.1,163
820,"[2001,1]",3.85,0.18,2.46,0.05,0.01,0.03,0.02,0.06,0.04,446,24.3,159
821,"[2001,2]",3.85,0.18,2.5,0.05,0.01,0.03,0.02,0.06,0.04,446,24.3,159
822,"[2002,1]",3.78,0.23,2.47,0.05,0.01,0.05,0.03,0.1,0.03,459,22.1,163
823,"[2002,2]",3.8,0.23,2.46,0.05,0.01,0.05,0.03,0.1,0.03,459,22.1,163
824,"[2003,1]",3.86,0.19,2.61,0.05,0.01,0.04,0.02,0.12,0.037,446,24.3,152
825,"[2003,2]",3.9,0.19,2.55,0.05,0.01,0.04,0.02,0.12,0.042,446,24.3,152
826,"[2004,1]",3.87,0.15,2.58,0.05,0.01,0.03,0.01,0.05,0.03,420,23.3,159
827,"[2004,2]",3.86,0.15,2.5,0.05,0.01,0.03,0.01,0.05,0.03,420,23.3,159
828,"[2005,1]",3.9,0.15,2.48,0.05,0.01,0.03,0.01,0.05,0.037,430,22,156
829,"[2005,2]",3.78,0.15,2.42,0.05,0.01,0.02,0.01,0.04,0.035,430,22,156
830,"[2006,1]",3.8,0.13,2.51,0.054,0.008,0.03,0.01,0.06,0.035,452,24.3,163
831,"[2006,2]",3.89,0.13,2.55,0.057,0.009,0.03,0.01,0.06,0.034,452,24.3,163
832,"[2007,1]",3.75,0.17,2.63,0.056,0.01,0.03,0.01,0.07,0.045,452,24.3,159
833,"[2007,2]",3.94,0.16,2.51,0.054,0.013,0.03,0.01,0.06,0.046,425,24.3,159
834,"[2008,1]",3.74,0.16,2.53,0.055,0.011,0.03,0.01,0.06,0.038,452,24.3,163
835,"[2008,2]",3.65,0.16,2.56,0.058,0.01,0.03,0.01,0.06,0.036,452,24.3,163
836,"[2009,1]",3.69,0.28,2.31,0.048,0.013,0.09,0.03,0.38,0.04,650,9.3,248
837,"[2009,2]",3.75,0.28,2.33,0.05,0.014,0.09,0.03,0.38,0.045,650,9.3,248
838,"[2010,1]",3.75,0.36,2.42,0.046,0.013,0.08,0.03,0.18,0.048,568,12.1,197
839,"[2011,1]",3.65,0.38,2.23,0.046,0.014,0.09,0.03,0.16,0.039,573,12.1,179
840,"[2011,2]",3.68,0.39,2.26,0.049,0.014,0.1,0.03,0.16,0.041,573,12.1,179
841,"[2012,1]",3.83,0.17,2.51,0.053,0.015,0.05,0.02,0.06,0.038,446,20,159
842,"[2013,1]",3.89,0.15,2.45,0.055,0.017,0.04,0.01,0.07,0.037,497,15.7,170
843,"[2013,2]",3.86,0.15,2.35,0.056,0.018,0.04,0.01,0.06,0.035,497,15.7,170
844,"[2014,1]",3.79,0.16,2.57,0.056,0.012,0.04,0.01,0.06,0.033,478,20,163
845,"[2014,2]",3.82,0.15,2.52,0.056,0.012,0.04,0.01,0.06,0.031,478,20,163
846,"[2015,1]",3.8,0.12,2.58,0.055,0.007,0.02,0.01,0.05,0.034,446,24.3,156
847,"[2015,2]",3.79,0.12,2.57,0.058,0.011,0.03,0.01,0.04,0.036,446,24.3,156
848,"[2016,1]",3.76,0.12,2.55,0.056,0.01,0.03,0.01,0.04,0.035,443,24.3,159
849,"[2016,2]",3.75,0.12,2.62,0.057,0.01,0.03,0.01,0.05,0.03,443,24.3,159
850,"[2017,1]",3.77,0.1,2.5,0.053,0.013,0.02,0,0.03,0.037,439,24.3,159
851,"[2017,2]",3.76,0.1,2.62,0.056,0.011,0.02,0,0.04,0.034,439,24.3,159
852,"[2018,1]",3.7,0.12,2.66,0.058,0.012,0.02,0.01,0.04,0.04,452,24.3,159
853,"[2018,2]",3.74,0.12,2.7,0.059,0.013,0.02,0.01,0.04,0.044,452,24.3,159
854,"[2019,1]",3.71,0.11,2.48,0.058,0.013,0.02,0.01,0.04,0.034,452,24.3,159
855,"[2019,2]",3.79,0.12,2.42,0.058,0.012,0.02,0.01,0.04,0.031,452,24.3,159
856,"[2020,1]",3.86,0.13,2.65,0.061,0.012,0.03,0.01,0.05,0.035,471,24.3,163
857,"[2020,2]",3.77,0.13,2.65,0.061,0.012,0.03,0.01,0.04,0.032,471,24.3,163
858,"[2021,1]",3.73,0.11,2.42,0.054,0.011,0.02,0,0.03,0.034,439,20,163
859,"[2021,2]",3.82,0.12,2.5,0.057,0.012,0.02,0,0.04,0.038,439,20,163
860,"[2022,1]",3.72,0.13,2.65,0.053,0.007,0.03,0.01,0.05,0.034,459,20,163
861,"[2022,2]",3.8,0.13,2.69,0.056,0.009,0.03,0.01,0.05,0.031,459,20,163
862,"[2023,1]",3.87,0.12,2.46,0.054,0.01,0.03,0,0.05,0.04,452,24.3,159
863,"[2023,2]",3.85,0.12,2.46,0.054,0.01,0.03,0,0.05,0.039,452,24.3,159
864,"[2024,1]",3.88,0.16,2.63,0.052,0.016,0.04,0.02,0.06,0.042,452,22.8,163
865,"[2024,2]",3.89,0.16,2.65,0.053,0.016,0.04,0.02,0.06,0.044,452,22.8,163
866,"[2025,1]",3.66,0.18,2.31,0.049,0.016,0.04,0.02,0.06,0.033,700,7.1,241
867,"[2026,1]",3.69,0.15,2.7,0.055,0.014,0.03,0.01,0.05,0.028,471,17.1,167
868,"[2026,2]",3.73,0.15,2.74,0.058,0.012,0.03,0.02,0.05,0.033,471,17.1,167
869,"[2028,1]",3.83,0.16,2.6,0.057,0.011,0.03,0.01,0.05,0.034,459,20,159
870,"[2028,2]",3.82,0.16,2.62,0.058,0.013,0.02,0.01,0.05,0.036,459,20,159
871,"[2029,1]",3.78,0.14,2.57,0.058,0.011,0.02,0,0.04,0.037,452,23.6,163
872,"[2029,2]",3.81,0.14,2.62,0.059,0.012,0.02,0,0.04,0.038,452,23.6,163
873,"[2031,1]",3.64,0.11,2.66,0.056,0.008,0.02,0,0.03,0.041,446,23.6,167
874,"[2031,2]",3.74,0.11,2.6,0.058,0.009,0.02,0,0.03,0.04,446,23.6,167
875,"[2032,1]",3.79,0.13,2.64,0.057,0.008,0.03,0,0.04,0.032,516,15,170
876,"[2032,2]",3.83,0.13,2.64,0.06,0.01,0.03,0,0.04,0.035,516,15,170
877,"[2033,1]",3.81,0.12,2.61,0.058,0.016,0.03,0.02,0.06,0.043,446,23.6,163
878,"[2033,2]",3.72,0.12,2.67,0.056,0.015,0.03,0.02,0.06,0.042,446,23.6,163
879,"[2034,1]",3.79,0.12,2.6,0.054,0.016,0.03,0.02,0.06,0.03,459,24.3,163
880,"[2034,2]",3.8,0.12,2.69,0.057,0.011,0.03,0.02,0.06,0.032,459,24.3,163
881,"[2035,1]",3.87,0.14,2.59,0.052,0.013,0.03,0.02,0.06,0.042,446,21.4,156
882,"[2035,2]",3.87,0.14,2.63,0.054,0.012,0.03,0.02,0.06,0.042,446,21.4,156
883,"[2036,1]",3.76,0.11,2.54,0.057,0.011,0.03,0,0.04,0.04,490,29,159
884,"[2036,2]",3.81,0.12,2.58,0.059,0.014,0.03,0.01,0.04,0.041,490,29,159
885,"[2037,1]",3.86,0.09,2.41,0.058,0.008,0.02,0.01,0.03,0.03,480,18.3,159
886,"[2037,2]",3.88,0.09,2.5,0.057,0.01,0.02,0.01,0.03,0.036,480,18.3,159
887,"[2038,1]",3.85,0.11,2.69,0.058,0.009,0.02,0.01,0.03,0.037,480,19.3,156
888,"[2039,1]",3.82,0.09,2.5,0.057,0.008,0.02,0,0.03,0.037,382,7.1,156
889,"[2039,2]",3.86,0.09,2.58,0.061,0.006,0.02,0,0.03,0.038,382,7.1,156
890,"[2040,1]",3.83,0.09,2.58,0.059,0.006,0.02,0,0.03,0.038,480,17.7,156
891,"[2040,2]",3.83,0.09,2.56,0.06,0.007,0.02,0,0.03,0.04,480,17.7,156
892,"[2041,1]",3.8,0.1,2.63,0.053,0.005,0.02,0,0.03,0.038,446,20.7,159
893,"[2041,2]",3.85,0.1,2.66,0.057,0.006,0.02,0,0.03,0.037,446,20.7,159
894,"[2042,1]",3.78,0.09,2.58,0.057,0.007,0.02,0,0.03,0.04,446,24.3,159
895,"[2042,2]",3.79,0.09,2.58,0.059,0.008,0.02,0,0.03,0.041,446,24.3,159
896,"[2043,1]",3.85,0.14,2.5,0.053,0.01,0.03,0.02,0.06,0.037,446,20.7,159
897,"[2043,2]",3.83,0.14,2.55,0.057,0.009,0.03,0.02,0.06,0.037,446,20.7,159
898,"[2044,1]",3.87,0.11,2.61,0.06,0.009,0.03,0.02,0.06,0.042,452,19.3,159
899,"[2044,2]",3.89,0.11,2.57,0.059,0.009,0.03,0.02,0.06,0.039,452,19.3,159
900,"[2045,1]",3.84,0.15,2.62,0.055,0.012,0.04,0.02,0.06,0.033,573,15,212
901,"[2045,2]",3.8,0.14,2.52,0.052,0.012,0.04,0.02,0.06,0.037,573,15,212
902,"[2047,1]",3.83,0.12,2.61,0.056,0.011,0.03,0.01,0.05,0.042,478,15.7,174
903,"[2047,2]",3.78,0.12,2.56,0.056,0.012,0.03,0.02,0.05,0.036,478,15.7,174
904,"[2048,1]",3.75,0.12,2.56,0.054,0.012,0.03,0.01,0.05,0.04,446,20,163
905,"[2049,1]",3.79,0.12,2.55,0.055,0.011,0.03,0.01,0.05,0.038,459,20,163
906,"[2049,2]",3.78,0.12,2.54,0.055,0.011,0.03,0.01,0.05,0.038,459,20,163
907,"[2050,1]",3.87,0.12,2.63,0.054,0.012,0.03,0,0.04,0.032,465,20,201
908,"[2050,2]",3.86,0.12,2.62,0.054,0.012,0.03,0,0.04,0.035,465,20,201
909,"[2051,1]",3.79,0.1,2.46,0.056,0.01,0.02,0,0.04,0.033,459,18.6,197
910,"[2051,2]",3.81,0.1,2.44,0.057,0.01,0.02,0,0.04,0.031,459,18.6,197
,,,,,,,,,,,,,
,[LIMITS],>,>,>,>,>,>,>,>,>,<,<,<
,[highs],4,0.42,2.98,0.07,0.021,0.12,0.07,0.7,0.065,860,29,311
,[lows],3.47,0.09,2.03,0.01,0.005,0.01,0,0.03,0.024,382,5.7,152
,[END],,,,,,,,,,,,
,,3.47,0.09,2.00,0.01,0.005,0.01,0,0.03,0.024,382,5.7,152
